job_title,company,location,experience_level
"Program Manager, Regulatory Program Management Office",Google,"Mountain View, CA, USA",Mid
"Senior iOS UX Engineer, Search App",Google,"Mountain View, CA, USA",Mid
gUP Operations Program Manager,Google,"Dublin, Ireland",Mid
"Principal Strategist, Security, Strategic Customer Engagement, Google Cloud",Google,"New York, NY, USA",Advanced
"Senior Technical Program Manager, Pixel Device Core SW",Google,"Mountain View, CA, USA",Advanced
"Account Manager, Gaming and Apps, Large Customer Sales (Urdu, English)",Google,"Karachi, Pakistan",Early
"Strategic Partner Manager, YouTube Shopping",YouTube,Singapore,Mid
Strategy and Operations Lead,Google,"Mountain View, CA, USA",Mid
"Trust and Safety Analyst, Developer Experience and Ecosystem Programs",Google,"Atlanta, GA, USA",Mid
"Software Engineer, Chrome Networking Security",Google,"Mountain View, CA, USA",Mid
"Manufacturing Process Integration Lead, Raxium",Google,"Fremont, CA, USA",Advanced
"AI Technical Delivery Lead, Google Cloud",Google,"London, UK",Advanced
"Senior Product Technology Manager, Cloud Support on Gemini",Google,"Sunnyvale, CA, USA",Mid
Glasses NPI Lead,Google,"New Taipei, Banqiao District, New Taipei City, Taiwan",Mid
"Senior CPU Architecture and Performance Architect, Silicon",Google,"Mountain View, CA, USA",Mid
"AI Outcome Customer Engineer, Google Cloud (Thai)",Google,Singapore,Advanced
"Senior Product Manager, App Ads Measurement and Ecosystem",Google,"Mountain View, CA, USA",Advanced
"Data Center Technician II, Hardware Operations",Google,"Saint George, SC, USA",Early
"Engineering Analyst, YouTube Trust and Safety",YouTube,"Hyderabad, Telangana, India",Mid
"Power Delivery Design Engineer, Google Cloud",Google,"Tel Aviv, Israel",Mid
"Senior Staff Software Engineer, Unified Traffic Engineering, Infrastructure",Google,"Sunnyvale, CA, USA",Advanced
"Industry Manager, eCommerce, Large Customer Sales (English, Japanese)",Google,"Tokyo, Japan",Mid
"Conversational AI SCE, Google Cloud",Google,"Warsaw, Poland",Mid
Senior Technical Writer,Google,"Kirkland, WA, USA",Mid
"Technical Program Manager, Google Flow",Google,"Mountain View, CA, USA",Advanced
"Strategy Associate, YouTube",YouTube,"San Bruno, CA, USA",Mid
"Governance and Issue Management Analyst, gTech Risk",Google,"Chicago, IL, USA",Mid
"Business Development Manager, New Business Sales, Export (Mandarin, English)",Google,"Shenzhen, Guangdong Province, China",Early
"Software Engineer, Safe Coding",Google,Singapore,Mid
"Technical Program Manager II, Infrastructure, Global Networking",Google,"Reston, VA, USA",Mid
"Staff Research Data Scientist, Search AI Product",Google,"Mountain View, CA, USA",Advanced
"Technical Program Manager, Mechanical Data Center Supplier Quality",Google,Singapore,Mid
"Sales Manager, Data and Measurement (English, French)",Google,"Dublin, Ireland",Advanced
"Senior Software Engineer, AI/ML, Google Cloud",Google,"Sunnyvale, CA, USA",Mid
"Technical Program Manager II, Capacity Planning, Cloud",Google,"Sunnyvale, CA, USA",Mid
"Staff Software Engineer, Display and Video 360 Team",Google,"Kirkland, WA, USA",Advanced
"Technical Program Manager I, Infrastructure, Google Cloud",Google,"Addison, TX, USA",Early
"New Business Sales Account Strategist, Onboarding, Google Customer Solutions",Google,"New York, NY, USA",Early
"Staff Software Engineer, AI/ML GenAI, Google Cloud AI",Google,"Sunnyvale, CA, USA",Advanced
Silicon Failure Analysis Lead,Google,"San Diego, CA, USA",Advanced
"Technical Program Manager, Supply Strategy and Portfolio Planning",Google,"Sunnyvale, CA, USA",Mid
"Staff Software Engineer, Full Stack, Google Cloud",Google,"Kirkland, WA, USA",Advanced
"Internal Communications Manager, Consumer and Merchant Shopping",Google,"Mountain View, CA, USA",Mid
"Senior Software Engineer, Ask Google Pay",Google,Singapore,Mid
"Research Engineer, Cyber Gemini, DeepMind",DeepMind,"New York, NY, USA",
"Account Strategist, Mid-Market Sales, Google Customer Solutions (Finnish Market)",Google,"Dublin, Ireland",Early
"Software Engineer, PhD, Early Career, 2026",Google,"Bengaluru, Karnataka, India",Mid
"Engineering Analyst, Trust and Safety Account Security",Google,"Bengaluru, Karnataka, India",Mid
"Facilities Manager, Data Center Operations",Google,"Frankfurt am Main, Germany",Mid
"Customer Engineer, Platform, Production Google Cloud, DACH (German)",Google,"Munich, Germany",Mid
Senior CAD Infra Engineer,Google,"Tel Aviv, Israel",Mid
"Software Engineer Manager II, Google Workspace",Google,"Raleigh, NC, USA",Advanced
"Agentic Marketing Specialist, AI, Google Ads",Google,"London, UK",Early
GPS/GNSS Wireless System Engineer,Google,"Mountain View, CA, USA",Mid
"Software Engineer III, Embedded, Pixel Core USB",Google,"New Taipei, Banqiao District, New Taipei City, Taiwan",Mid
"Business Intelligence Analyst, Google Cloud Support",Google,"Waterloo, ON, Canada",Mid
"Program Manager, Offices of Data Centers",Google,"London, UK",Mid
"Technical Program Manager III, Network Deployment Optimization, Cloud Networking",Google,"Atlanta, GA, USA",Mid
"Growth Manager, App Developer Sales, Scaled Program (English, Mandarin)",Google,"Shanghai, China",Early
"Principal Account Executive, Global LCS (English, Japanese)",YouTube,"Tokyo, Japan",Advanced
"Senior Product Manager, Search",Google,"Mountain View, CA, USA",Advanced
"Staff Software Engineer, Persistent Disk",Google,"Sunnyvale, CA, USA",Advanced
"Research Engineer, GenAI, Info Task, DeepMind",DeepMind,"Cambridge, MA, USA",
"Program Manager, Pixel Voice of the User",Google,"Shanghai, China",Advanced
"Engineering Analyst, AI Answers, Google Search",Google,"Dublin, Ireland",Mid
"Software Engineer, Content Safety",Google,Singapore,Mid
"Product Strategy and Operations Lead, Google Education",Google,"Mountain View, CA, USA",Advanced
"Senior Staff Software Engineer, Cloud CISO",Google,Sweden,Advanced
"Staff Software Engineer, Site Reliability Engineering, Caching SRE",Google,"New York, NY, USA",Advanced
"Partner Engineering Manager, Universal Commerce Protocol",Google,"Sunnyvale, CA, USA",Advanced
"Customer Engineer, Platform, Software and Media, DACH (German)",Google,"Munich, Germany",Mid
"Staff Site Reliability Engineer, Semantic Understanding",Google,"San Jose, CA, USA",Advanced
"Site Operations Lead (English, French)",Google,"Saint-Ghislain, Belgium",Advanced
CMF Execution Designer,Google,"New Taipei, Banqiao District, New Taipei City, Taiwan",Mid
"Technical Program Manager I, Fiber Infrastructure, Cloud Networking",Google,"Addison, TX, USA",Early
"Machine Learning Staff Software Engineer, Pixel Camera",Google,"Mountain View, CA, USA",Advanced
"Customer Engineer, Platform, Start-ups, Google Cloud",Google,Singapore,Mid
"Customer Engineer, Cloud AI, Google Cloud",Google,"Amsterdam, Netherlands",Mid
"Technical Program Manager, Risk Analysis and Insights, SPARC Portfolio, Data Center Infrastructure",Google,"Reston, VA, USA",Mid
"Software Engineer, Android Connectivty",Google,"New Taipei, Banqiao District, New Taipei City, Taiwan",Mid
"Senior Edge-AI SoC Formal Verification Engineer, Google Cloud",Google,"Tel Aviv, Israel",Mid
Product Support Consultant,Google,"Wrocław, Poland",Mid
"Senior Edge-AI SoC Design Verification Engineer, Google Cloud",Google,"Tel Aviv, Israel",Mid
"Engineering Director, Geo Imagery",Google,"Mountain View, CA, USA",Director+
"Software Engineer, PhD, Static Program Analysis",Google,"Bengaluru, Karnataka, India",Mid
"Senior Software Engineer, BigLake Federation",Google,"Warsaw, Poland",Mid
"Senior Data Center Energy Strategic Negotiator, Energy and Power",Google,"Reston, VA, USA",Advanced
"Staff CAD Engineer, Silicon Design Environment, Google Cloud",Google,"Sunnyvale, CA, USA",Advanced
"Staff Interaction Designer, Search Ads UI",Google,"New York, NY, USA",Advanced
"Product Manager II, Partner Program Platform",Google,"Bengaluru, Karnataka, India",Mid
"Mobile Software Engineer, Google Pay",Google,Singapore,Mid
"Global Commodity Manager, Rack Power, Infrastructure Supply Chain and Manufacturing Operations",Google,"Sunnyvale, CA, USA",Mid
"Technical Program Manager, Antigravity",Google,"Mountain View, CA, USA",Mid
"Software Engineering Manager, Generative AI, Google Home Conversational Experiences",Google,"Mountain View, CA, USA",Advanced
"Senior Staff ML Software Engineer, AI Generated Content Quality, Search Discover Feed",Google,"Mountain View, CA, USA",Advanced
Data Center Technician,Google,"Wichita Falls, TX, USA",Early
"AI Sales Specialist III, Google Cloud",Google,"Paris, France",Advanced
"Senior Technical Program Manager, Geo Makers PMO Analytics, Geo",Google,"New York, NY, USA",Advanced
"Staff Software Engineer, Pixel",Google,"San Francisco, CA, USA",Advanced
"Product Manager, Consumer Shopping",Google,"Mountain View, CA, USA",Mid
"Product Manager, Google Cloud Business Platform",Google,"Bengaluru, Karnataka, India",Mid
"Global Product Lead, YouTube Ads 3P Data Activation, YouTube Ads GTM",YouTube,"New York, NY, USA",Mid
"Software Engineer Manager II, Slicer",Google,"Kirkland, WA, USA",Advanced
"EMC Test Engineer, Platforms Infrastructure Engineering",Google,"Sunnyvale, CA, USA",Mid
"Audio Experiences Lead, Pixel",Google,"Mountain View, CA, USA",Advanced
"Staff Hardware/Software Systems Architect, Silicon",Google,"Mountain View, CA, USA",Advanced
Senior Software Engineer,Google,"New York, NY, USA",Mid
"Pixel Manager, Channel Sales and Activations (German)",Google,"Munich, Germany",Mid
"Senior Incident Response Security Consultant, Mandiant, Google Cloud",Google,"Ontario, CA",Mid
AI Strategy Lead,Google,"Chicago, IL, USA",Advanced
"Systems Development Engineer, Edge Infrastructure Operations",Google,"Dublin, Ireland",Early
"Software Engineer III, AI/ML, Search Ecosystems",Google,"Mountain View, CA, USA",Mid
"Account Strategist, Mid-Market Sales, Google Customer Solutions (German Market)",Google,"Dublin, Ireland",Early
"Senior Software Engineering Manager, AI/ML",Google,"Sunnyvale, CA, USA",Advanced
"Product Manager I, YouTube Youth",YouTube,"San Bruno, CA, USA",Mid
"Commercial Operations and Portfolio Management Lead, Energy and Power",Google,Singapore,Advanced
"GSOC SSC Program Manager, EMEA",Google,"London, UK",Mid
"Customer Engineer, Platform, SLED, Higher Education, Public Sector",Google,"Sunnyvale, CA, USA",Advanced
"Senior Forward Deployed Detection and Response Consultant, Cyber Defence, National Security, Mandiant",Google,"Ottawa, ON, Canada",Mid
Senior Data Center Operations Manager,Google,"Lima, OH, USA",Advanced
"Associate Product Manager, University Graduate, 2027 Start",Google,"Mountain View, CA, USA",Early
"Customer Engineer III, Outcome, GCP, Google Cloud",Google,"Boulder, CO, USA",Advanced
"AI Infra Practice Architect, Google Cloud",Google,"Chicago, IL, USA",Advanced
"Senior Software Engineer, Embedded Systems/Firmware, AI and Infrastructure",Google,"Sunnyvale, CA, USA",Mid
"Staff Software Engineer, Source Client",Google,"San Jose, CA, USA",Advanced
"Customer Engineer I, Platform, SMB, Google Cloud",Google,"Atlanta, GA, USA",Mid
"Staff Software Engineer, Infrastructure, NetInfra Drain",Google,"Sunnyvale, CA, USA",Advanced
YouTube Special Projects Senior Associate for Agencies and Partners,YouTube,Singapore,Mid
"Principal Strategic Security Consultant, Executive Services, Mandiant Consulting",Google,Singapore,Advanced
"Agentic Data Cloud Databases Engineer, Google Cloud",Google,"Addison, TX, USA",Mid
"International Growth Consultant, AppDev (English)",Google,"Dublin, Ireland",Early
"Post-Doctoral Researcher, PhD, 2026 Start (Fixed-Term Contract)",Google,"Bengaluru, Karnataka, India",Mid
"OCIP Workers Compensation Program Coordinator, Google Data Centers",Google,"San Francisco, CA, USA",Mid
"Senior Software Engineer, Cloud Interconnect",Google,"Cambridge, MA, USA",Mid
"Product Support Manager, gUP Chrome Consumer",Google,"Boulder, CO, USA",Early
"Engineering Project Specialist, General Hardware Development",Google,"New Taipei, Banqiao District, New Taipei City, Taiwan",Early
"Senior Software Engineer, AI/ML GenAI, Google Ads",Google,"Bangalore, Karnataka, India",Mid
"Senior Engineering Manager, YouTube Shopping",YouTube,"Bengaluru, Karnataka, India",Advanced
"Customer Engineer, Platform, Public Sector, Google Cloud (German)",Google,"Berlin, Germany",Mid
"Senior Software Developer, Mobile (iOS), Platforms and Devices",Google,"San Jose, CA, USA",Mid
"Technical Program Manager, Antigravity (Data), DeepMind",DeepMind,"Mountain View, CA, USA",
"Fabrication Backend Process Engineer, Quantum AI",Google,"Goleta, CA, USA",Early
"Senior Staff Software Engineer, Autonomous Network Operations",Google,"Pennsylvania, USA",Advanced
"Senior Software Engineer, Security and Privacy, Detection AI, Core",Google,"Hyderabad, Telangana, India",Mid
CAD Engineer,Google,"Tel Aviv, Israel",Early
GTM Strategy and Transformation Lead,Google,"Atlanta, GA, USA",Mid
"Technical Success Account Manager, Google Cloud Consulting (Japanese, English)",Google,"Tokyo, Japan",Advanced
"Senior Information Security Engineer, Cloud CISO, Vulnerability Rewards Program",Google,"Sunnyvale, CA, USA",Mid
"Regional Manager, Market Development and Government Affairs, Google Cloud",Google,"Oklahoma, USA",Mid
"Product Marketing Manager, Retail Ads, Agentic Commerce",Google,"New York, NY, USA",Mid
"Photonic Engineer, Machine Learning",Google,"Sunnyvale, CA, USA",Advanced
"Senior Analyst, Mandiant Threat Intelligence Services",Google,"Virginia, USA",Mid
"Product Manager II, YouTube Shopping Consumer Growth",YouTube,"Zürich, Switzerland",Mid
"Software Engineering Manager, DevAI, Core",Google,"Bengaluru, Karnataka, India",Advanced
Beta Development Lead,Google,"New York, NY, USA",Mid
"Software Engineer Manager, Modem NPI",Google,"Shanghai, China",Advanced
"Forward Deployed Engineer, Generative AI, GECX, Google Cloud",Google,"Sydney NSW, Australia",Mid
"Senior Account Manager, Home and Personal Care, Consumer Goods and Entertainment",Google,"New York, NY, USA",Mid
"User Experience Engineer Intern, BS/MS, Summer 2027",Google,"Mountain View, CA, USA",Intern & Apprentice
"Software Engineer III, AI/ML, gUP Customer Support",Google,"Sunnyvale, CA, USA",Mid
"Senior Product Data Scientist, Google Messages, Spam and Abuse",Google,"San Jose, CA, USA",Mid
"Customer Engineer III, Data Analytics, Google Cloud",Google,"New York, NY, USA",Advanced
"Software and AI Strategic Partner Manager, Google for Education MENA (English, Arabic)",Google,Dubai - United Arab Emirates,Mid
"RTL Design Technical Lead, Servers, Google Cloud",Google,"Tel Aviv, Israel",Mid
"Senior Supplier Quality Engineer, Assembly, XR (English, Mandarin)",Google,"New Taipei, Banqiao District, New Taipei City, Taiwan",Mid
"Customer Engineer, Enterprise, Cloud and AI, Google Cloud (English, Korean)",Google,"Seoul, South Korea",Advanced
"Software Engineer, Site Reliability Engineering, Colossus SRE",Google,"Dublin, Ireland",Mid
"Strategic Operations Lead, Trust and Safety",Google,"Dublin, Ireland",Advanced
Product Strategy and Operations,Google,"Mountain View, CA, USA",Mid
"Senior Design Verification Engineer, Silicon",Google,"Mountain View, CA, USA",Mid
"Database Sales Specialist, Google Cloud",Google,Singapore,Advanced
"Customer Solutions Consultant, Platform, Google Cloud",Google,"Taguig, Metro Manila, Philippines",Mid
"Senior Network Engineer, Customer Services Edge",Google,"Sunnyvale, CA, USA",Mid
Market Intelligence Analyst,Google,"Taipei, Taiwan",Mid
"AI Sales Specialist, AI Natives, Google Cloud",Google,"San Francisco, CA, USA",Advanced
"Technical Program Manager, NPI, AI/ML",Google,"Sunnyvale, CA, USA",Advanced
"Senior Financial Analyst, Google One and Photos",Google,"Mountain View, CA, USA",Mid
"Senior Product Manager, Google Maps AI Platform",Google,"Mountain View, CA, USA",Advanced
"Staff Software Engineer, Data Center Network Switches",Google,"Sunnyvale, CA, USA",Advanced
"Field Sales Representative Startups, Acquisitions Google Cloud (English)",Google,"Seattle, WA, USA",Mid
"Program Manager, EHS, Data Centers",Google,"Mumbai, Maharashtra, India",Mid
"Technical Operations Manager, Third-Party Data Centers",Google,"Sterling, VA, USA",Advanced
"Sales Manager, App Sales, LCS",Google,"Dublin, Ireland",Advanced
"Senior CAD Engineer, RTL Design, Silicon, Google Cloud",Google,"Sunnyvale, CA, USA",Mid
"Senior Manager, Technical Program Management, Platforms and Devices",Google,"New Taipei, Banqiao District, New Taipei City, Taiwan",Advanced
"Software Engineer III, Embedded/Firmware",Google,"Warsaw, Poland",Mid
"Senior Software Engineer, Pixel Camera Performance",Google,"New Taipei, Banqiao District, New Taipei City, Taiwan",Mid
"Software Engineer III, Embedded Systems/Firmware, AI and Infrastructure",Google,"Sunnyvale, CA, USA",Mid
"Software Engineer III, Infrastructure, F1 Query",Google,"San Jose, CA, USA",Mid
"Senior Interaction Designer, Android and Pixel UX",Google,"Mountain View, CA, USA",Mid
"Senior DFT Design Engineer, Google Cloud",Google,"Bengaluru, Karnataka, India",Mid
"Senior Staff Interaction Designer, Search App",Google,"San Francisco, CA, USA",Advanced
"Managing Director, Partnerships, Google Play",Google,"London, UK",Director+
Technical Program Manager,Google,"Skien, Norway",Mid
"Manager, Ads and Shopping, Trust and Safety, Content",Google,"Hyderabad, Telangana, India",Advanced
"Product Manager, Cloud TPUs",Google,"Sunnyvale, CA, USA",Mid
"Technical Partner Lead, Large Customer Sales, Southeast Asia (Fixed-Term Contract)",Google,Singapore,Mid
"Technical Program Manager, Global Network Delivery, DCNet Delivery",Google,Singapore,Mid
"Software Engineering Manager II, YouTube Commerce",YouTube,"Mountain View, CA, USA",Advanced
Google Trade Compliance Program Manager,Google,"Seoul, South Korea",Mid
"Technical Program Manager, Google Pay Data Platform",Google,Singapore,Mid
"Analytical Lead, Retail West, Large Customer Solutions",Google,"San Francisco, CA, USA",Mid
"Staff Software Engineer, TPU, Performance",Google,"Sunnyvale, CA, USA",Advanced
"B2C and B2B Product Marketing Manager, Payments",Google,"Mountain View, CA, USA",Mid
"Software Engineer, Rust Acceleration in Production",Google,"New York, NY, USA",Mid
"Account Strategist (Fixed-Term Contract) (English, Korean)",Google,"Seoul, South Korea",Early
"Senior Software Engineer, Infrastructure, Goolge Beam",Google,"Mountain View, CA, USA",Mid
"Software Engineering Manager, GCS Agentic AI",Google,"Seattle, WA, USA",Advanced
"Internal Communications Manager, Ads Communications",Google,"Mountain View, CA, USA",Mid
"Technical Solutions Consultant, gTech Ads Sellside",Google,"New York, NY, USA",Mid
"Global Commodity Manager, Hard Disk Drives, Tape Storage",Google,"Sunnyvale, CA, USA",Mid
"Senior Manufacturing Quality Engineer, Opto-Mechanical Modules, XR",Google,"New Taipei, Banqiao District, New Taipei City, Taiwan",Mid
"Software Engineer III, Infrastructure, Google Cloud NetInfra",Google,"Madison, WI, USA",Mid
"Software Engineering Manager, Kernel Development",Google,"Sunnyvale, CA, USA",Advanced
Measurement Engineer,Google,"Sunnyvale, CA, USA",Mid
"Technical Program Manager, Data Analytics and Systems Tooling for nGP Software and Tools",Google,"Reston, VA, USA",Mid
"Strategy and Operations Senior Manager, Global Business Applied AI Operations",Google,"New York, NY, USA",Advanced
"Senior Software Engineer, Infrastructure, Google Cloud Storage",Google,"Madison, WI, USA",Mid
"Strategic Negotiator, Energy Market Development",Google,"San Francisco, CA, USA",Advanced
"ISV Sales Specialist, Google Cloud (German, English)",Google,"Munich, Germany",Mid
"Research Data Scientist II, Waze",Google,"Tel Aviv, Israel",Early
"Director, Product Management, Google Design Platform",Google,"San Francisco, CA, USA",Director+
"Vice President, Strategic Alliances",Google,"Sunnyvale, CA, USA",Director+
"Senior Software Engineering Manager, Site Reliability Engineering",Google,"Sunnyvale, CA, USA",Advanced
"Product Design Architect, Platforms and Devices",Google,"Mountain View, CA, USA",Mid
"Group Product Marketing Manager, Creator Partnerships",Google,"New York, NY, USA",Advanced
"Partner Delivery Manager, gTech Ads Agency and Partners",Google,"New York, NY, USA",Mid
"Senior Staff Research Scientist, Google Cloud AI Research",Google,"Sunnyvale, CA, USA",Advanced
"Staff Technical Lead Health Features, Backend, Data Infrastructure",Google,"Bucharest, Romania",Advanced
"Practice Customer Engineer, Application Modernization",Google,"Melbourne VIC, Australia",Mid
"Engineering Manager, ML Efficiency, AI Rapid Response Team",Google,"Mountain View, CA, USA",Advanced
"Technical Operations Manager, Third Party Data Centers",Google,"Lancaster, TX, USA",Mid
"Software Engineering Manager II, Site Reliability Engineering, Data Intelligence",Google,"San Jose, CA, USA",Advanced
"Senior Staff Research Scientist, Recommendation Systems, DeepMind",DeepMind,"Mountain View, CA, USA",
"Manager, Wings, Delta, Google Cloud",Google,"Cambridge, MA, USA",Advanced
"Research Engineer, Responsible Frontier AI Research, DeepMind",DeepMind,"New York, NY, USA",
"Senior Staff Software Engineer, Creator Studio Support",YouTube,"Bengaluru, Karnataka, India",Advanced
"Software Engineer III, Mobile, iOS, XR",Google,"San Jose, CA, USA",Mid
"Senior Financial Analyst, Data Cloud Product Finance",Google,"Sunnyvale, CA, USA",Mid
"Senior UX Designer, Messages",Google,"Kraków, Poland",Mid
EMEA Nordics Scheduling Lead,Google,"Dublin, Ireland",Mid
"Software Engineer, Early Careers, PhD, Cloud AI",Google,"Warsaw, Poland",Mid
"Software Engineer, Core Runtime, BigQuery",Google,"Kirkland, WA, USA",Mid
"Senior Field Sales Representative, Telecom, Google Cloud (Japanese)",Google,"Tokyo, Japan",Advanced
"Software Engineer, Ask Google Pay",Google,Singapore,Mid
Hardware Validation Manager for Networking and Signal Integrity,Google,"Sunnyvale, CA, USA",Advanced
"Senior Product Manager, Google One, Personalization, Promotions, Upgrades",Google,"Bengaluru, Karnataka, India",Advanced
"Technical Program Manager, Cloud Silicon",Google,"Bengaluru, Karnataka, India",Mid
"Senior Staff Software Engineer, Data Infrastructure AI Agent",Google,"Sunnyvale, CA, USA",Advanced
"Senior Staff Software Engineer, Workspace Search Quality",Google,"Bengaluru, Karnataka, India",Advanced
"Senior Software Engineer, Map Ads Machine Learning",Google,"Mountain View, CA, USA",Mid
"Data Center Technician III, Third Party Data Center",Google,"London, UK",Early
Software Engineering Manager (For Women in Tech Candidates),Google,"Belo Horizonte, State of Minas Gerais, Brazil",Advanced
"Staff Software Engineer, Android Infrastructure, Google Home",Google,"Mountain View, CA, USA",Advanced
AI Development Strategy Lead,Google,"Bengaluru, Karnataka, India",Advanced
"Threat Operations Lead, Google Defense Intelligence",Google,"District of Columbia, USA",Advanced
Data Center Mechanical Engineer,Google,"Ridgeville, SC, USA",Mid
"Technical Program Manager, Silicon Design Services and Strategic Extended Workforce",Google,"Tel Aviv, Israel",Advanced
"Legal and Corporate Governance Executive, Google China (Mandarin, English)",Google,"Beijing, China",Mid
"Signal/Power Integrity Engineer, PhD Graduate",Google,"Haifa, Israel",Mid
"Data Engineer, YouTube Marketing",YouTube,"Mexico City, CDMX, Mexico",Mid
Senior Silicon Physical Design Engineer,Google,"Tel Aviv, Israel",Mid
"CPU Design for Test Engineer, Google Cloud",Google,"Tel Aviv, Israel",Mid
"Partner Development Manager, Telecommunication (Japanese, English)",Google,"Tokyo, Japan",Advanced
"Campaign Analytics Manager, YouTube GTM, Shopping",YouTube,Singapore,Mid
"Product Analyst, Strategy and Operations",Google,Singapore,Early
"Principal Architect, Retail and eCommerce",Google,Singapore,Advanced
"Software Engineer, Infrastructure, Public Sector",Google,"Reston, VA, USA",Mid
"Staff Software Engineer, AI/ML, Search Ads",Google,"Mountain View, CA, USA",Advanced
"Senior Software Engineer, RTL Optimization, DeepMind",DeepMind,"Zürich, Switzerland",
Site Reliability Manager,Google,"Bengaluru, Karnataka, India",Advanced
"Product Deployment Engineer, gTech",Google,"Warsaw, Poland",Mid
"Community Development Manager, Strategic Partnerships Office",Google,"Skien, Norway",Advanced
"Strategic Negotiator II, Data Center Leasing and Investments",Google,"San Francisco, CA, USA",Mid
"Account Executive, New Business Sales Central Europe, Affiliate (Multiple Languages)",Google,"Hamburg, Germany",Early
"Senior Leadership Technical Program Manager, Infrastructure Planning and Efficiency",Google,"Sunnyvale, CA, USA",Advanced
"Product Technology Manager, gTech",Google,"Sunnyvale, CA, USA",Mid
Software Engineer (For Women in Tech Candidates),Google,"Belo Horizonte, State of Minas Gerais, Brazil",Mid
Data Center Mechanical Engineer I,Google,"Kajaani, Finland",Mid
"Product Deployment Engineer, gTech Ads LCS",Google,"Tokyo, Japan",Mid
"Staff SRE Software Engineer, Google Home",Google,"San Francisco, CA, USA",Advanced
"Forward Deployed Engineer, Gen AI, Google Cloud (English, Japanese)",Google,"Tokyo, Japan",Mid
"Program Manager I, Data Center Maintenance, Google Data Centers",Google,"Sterling, VA, USA",Early
Executive Recruiting Researcher,Google,"Chicago, IL, USA",Mid
"Account Executive, EMEA Apps, New Business (English, Hebrew)",Google,"Dublin, Ireland",Early
Senior Advanced Mechanical Manufacturing Engineer,Google,"Sunnyvale, CA, USA",Mid
"Technical Sales Consultant, Infrastructure Modernization, Google Cloud (Japanese, English)",Google,"Tokyo, Japan",Mid
"Senior Mechanical Engineer, Plastics and Polymers, DeepMind",DeepMind,"Cambridge, MA, USA",
"Senior Software Engineer, AI/ML Recommendations, Rankings, Predictions, YouTube",YouTube,"Mountain View, CA, USA",Mid
"Senior UX Engineer, Search Ads",Google,"New York, NY, USA",Mid
"Region Performance Lead, Google Cloud Platform",Google,"Warsaw, Poland",Mid
"Product Strategy and Operations Senior Associate, Executive and Strategic Engagements, Google for Education",Google,"New York, NY, USA",Mid
"Staff Software Engineer, Cloud Agentic AI",Google,"Sunnyvale, CA, USA",Advanced
"Software Engineer, PhD, Early Career, Networking, 2026 Start",Google,"Bengaluru, Karnataka, India",Mid
"Engineering Manager, Paladin, AI and Data Platforms",Google,"Sunnyvale, CA, USA",Advanced
"Senior Design and Integration Engineer, Cloud TPU",Google,"Sunnyvale, CA, USA",Mid
"Financial Analyst, Core Financial Planning and Analysis",Google,"Chicago, IL, USA",Mid
"Senior Applied Solutions Architect, Google Cloud",Google,"Beijing, China",Advanced
"Outreach Program Manager, Talent Engagement (Hebrew, English)",Google,"Dublin, Ireland",Mid
"Staff Software Engineer, Ads Safety Format Enablement",Google,"Mountain View, CA, USA",Advanced
"Senior Staff Software Engineer, AI/ML",Google,"Kirkland, WA, USA",Advanced
"Staff Software Engineer, AI/ML, AI Data Platform",Google,"Sunnyvale, CA, USA",Advanced
"Senior Software Engineer, Infrastructure, Infra Bigtable",Google,"New York, NY, USA",Mid
"Supplier Quality Engineer, Battery/UPS",Google,"Sunnyvale, CA, USA",Mid
"Software Engineer, GenAI, DeepMind",DeepMind,"Zürich, Switzerland",
"Field Sales Representative, Enterprise, Google Cloud",Google,"Sunnyvale, CA, USA",Advanced
"Senior Account Strategist, Mid-Market Sales, Google Customer Solutions (English, Mandarin)",Google,"Shanghai, China",Mid
"Director, Strategy and Operations, Data Cloud",Google,"Sunnyvale, CA, USA",Director+
"Policy Specialist, Customer Experience, gTech Ads",Google,"Gurugram, Haryana, India",Mid
Program Manager,Google,"Council Bluffs, IA, USA",Mid
"Account Manager, Telecom and Fintech, Public and Infrastructure, Large Customer Sales (Japanese, English)",Google,"Tokyo, Japan",Early
"ASIC Formal Verification Engineer, TPU Compute",Google,"Sunnyvale, CA, USA",Mid
"Senior Program Manager I, Advertiser Safety, Google Ads",Google,"Mountain View, CA, USA",Advanced
"Principal Engineer, Cloud Capacity Planning",Google,"Sunnyvale, CA, USA",Director+
"Technical Program Manager III, Industrial Operations, Technical Infrastructure",Google,"Mesa, AZ, USA",Mid
"Staff Software Engineer, App Hub",Google,"Sunnyvale, CA, USA",Advanced
"Staff AI Solutions Deployment Developer, Applied AI",Google,"Waterloo, ON, Canada",Advanced
"Strategic Negotiator, Google Global Networking",Google,"Gurugram, Haryana, India",Mid
"NPI Operations Program Manager, Networking and Optics, Technical Infrastructure",Google,"Zapopan, Jalisco, Mexico",Mid
"Staff Hardware Design Engineer, Platforms Infrastructure Engineering",Google,"Sunnyvale, CA, USA",Advanced
"Hardware Engineering Intern, BS/MS, Summer 2027",Google,"Mountain View, CA, USA",Intern & Apprentice
"Senior Software Engineering Manager, Hardware and Infrastructure Platform Security",Google,"Kirkland, WA, USA",Advanced
Data Center Controls Facilities Technician,Google,Singapore,Early
"Government Affairs and Public Policy Manager (English, Turkish)",Google,"Istanbul, İstanbul, Türkiye",Mid
Occupational Health and Safety Nurse,Google,"Taipei, Taiwan",Early
"Go-To-Market Strategy and Planning Associate, LATAM",Google,"São Paulo, Brazil",Mid
"Program Manager III, Turnkey Operations, Cloud Supply Chain",Google,"Sunnyvale, CA, USA",Mid
"Research Developer, Frontier AI Incubation, DeepMind",DeepMind,"Montreal, QC, Canada",
Measurement Engineer,Google,"Sunnyvale, CA, USA",Mid
"Senior Software Engineer, Google Cloud Filestore, Copy Services",Google,"Tel Aviv, Israel",Mid
"SOC Quality and Reliability Engineer, Google Cloud",Google,"Haifa, Israel",Mid
"Senior Research Scientist, AI's Impact on the Software Development Life Cycle",Google,"Kirkland, WA, USA",Mid
"Account Manager, Large Customer Sales (Fixed-Term Contract)",Google,"Sydney NSW, Australia",Early
"Senior Incident Response Security Consultant, Mandiant, Google Cloud",Google,"Arizona, USA",Mid
Marketing Science Lead,Google,"Gurgaon, Haryana, India",Mid
Full Chip CAD Physical Design Engineer,Google,"Tel Aviv, Israel",Advanced
"Accountant, Devices and Services Controllership",Google,Singapore,Mid
"Senior Software Engineer, Infrastructure, Platforms Infrastructure Engineering",Google,"Sunnyvale, CA, USA",Mid
"Senior Engineering Manager, ML Infrastructure for Ads Safety",Google,"Pittsburgh, PA, USA",Advanced
Localization Product Strategist (Fixed-Term Contract),Google,"Boulder, CO, USA",Mid
"Software Engineer, Content Safety Team",Google,Singapore,Early
"HR Consultant, Onsite Data Center (English, Dutch)",Google,"Eemshaven, Netherlands",Mid
"Account Strategist, SMB Sales, Google Customer Solutions, Belgian Market (Dutch, English)",Google,"Dublin, Ireland",Early
"Software Engineer, Site Reliability Engineering",Google,"New York, NY, USA",Advanced
"Commercial Manager, Deal Pursuit",Google,"São Paulo, State of São Paulo, Brazil",Mid
"Senior Software Engineer, Full Stack, YouTube Creator Studio",YouTube,"Bengaluru, Karnataka, India",Mid
"Staff Advanced Manufacturing Engineer, Google Cloud",Google,"Sunnyvale, CA, USA",Advanced
"Senior Software Engineer, Search Ecosystems, AI/ML",Google,"Mountain View, CA, USA",Mid
"Software Engineer III, Technical Infrastructure",Google,"Tel Aviv, Israel",Mid
"SoC DFT Engineer, Cloud",Google,"Sunnyvale, CA, USA",Mid
"Quality Lead, YouTube Global Vendor Operations",YouTube,"Hyderabad, Telangana, India",Mid
"Senior Interaction Designer, Google Research UX",Google,"Mountain View, CA, USA",Mid
"Security Engineer, Android Product Security",Google,"New York, NY, USA",Mid
"Technical Lead Manager, Trusted Partner Cloud AI Operations",Google,"Sunnyvale, CA, USA",Advanced
"Google Workspace Sales Specialist, New Business, Google Cloud",Google,"Bengaluru, Karnataka, India",Mid
"Talent Acquisition Partner, DeepMind",DeepMind,"London, UK",
"Program Manager, Google Cloud Executive Network",Google,"Chicago, IL, USA",Mid
Administrative Business Partner II,Google,"Mountain View, CA, USA",Early
"Software Engineering Manager, Network Service Level Objective",Google,"Sunnyvale, CA, USA",Advanced
"Senior Staff Forward Deployed Engineer, GenAI, Google Cloud",Google,"Zürich, Switzerland",Advanced
Data Center Plant Engineer,Google,"Middenmeer, Netherlands",Mid
Applied Solutions Architect,Google,"Sydney NSW, Australia",Mid
"Senior Software Engineer, Secure Element, Google Wallet",Google,Singapore,Mid
"Senior Software Engineer, Cloud AI/ML Infrastructure",Google,"Taipei, Taiwan",Mid
"Silicon Physical Design Engineer III, STA, Cloud Silicon",Google,"Bengaluru, Karnataka, India",Mid
"Strategic Agency Manager, GCS",Google,"Mexico City, CDMX, Mexico",Mid
Data Center Services Metro Lead,Google,"Appling, GA, USA",Advanced
"Product Deployment Engineer, gTech Ads, Search",Google,"New York, NY, USA",Mid
"Software Engineering PhD Intern, 2027",Google,"Warsaw, Poland",Intern & Apprentice
"Data Center Technician III, Networking Operations",Google,"Council Bluffs, IA, USA",Early
"Program Manager III, Operations, Google Play",Google,"Mountain View, CA, USA",Mid
"Software Engineer, GDC Networking, Google Cloud",Google,"Sunnyvale, CA, USA",Mid
"Software Engineer, Full Stack, Google Cloud",Google,"Bengaluru, Karnataka, India",Mid
"Staff Software Engineer, Youtube Ads Surfaces and Experiences",YouTube,"Mountain View, CA, USA",Advanced
"Software Engineer III, Search Ads, Quality and AI",Google,"Zürich, Switzerland",Mid
"Software Engineer Manager II, Google Cloud Storage, Appliances Platform",Google,"Sunnyvale, CA, USA",Advanced
Network Design Engineer,Google,"Sydney NSW, Australia",Mid
"Impact and Measurement Program Manager, Ecosystem Investments",Google,"London, UK",Mid
"Technical Program Manager, Google Pixel Hardware",Google,"New Taipei, Banqiao District, New Taipei City, Taiwan",Mid
"Senior Incident Response Security Consultant, Mandiant, Google Cloud (English)",Google,Italy,Mid
"Software Engineer II, Google Cloud",Google,"Bengaluru, Karnataka, India",Early
"Indiana Lead, Energy Market Development",Google,"San Francisco, CA, USA",Advanced
Data Center Mechanical Engineer,Google,"Addison, TX, USA",Mid
"Account Executive, Looker, Google Cloud",Google,"Munich, Germany",Advanced
"Software Engineer, Google Public Sector, Infrastructure",Google,"Reston, VA, USA",Mid
"Partner Solutions Engineer, Universal Commerce Protocol",Google,"Sunnyvale, CA, USA",Mid
"Customer Solutions Consultant, Platform, Strategic Pursuits, Google Cloud (English, Bahasa Indonesia)",Google,"Jakarta, Indonesia",Advanced
"Strategic Insights Lead (English, Portuguese)",Google,"São Paulo, State of São Paulo, Brazil",Mid
"Digital Marketing Manager, Google Store, Platforms and Devices Marketing",Google,"Mountain View, CA, USA",Mid
"Clinical Specialist, Health Optimization",Google,"New York, NY, USA",Mid
"Game Designer, Games, DeepMind",DeepMind,"London, UK",
"Account Manager, Retail, Large Customer Sales (Mandarin, English)",Google,"Shanghai, China",Early
"Account Manager, Large Customer Sales, Export",Google,"Sydney NSW, Australia",Mid
"Senior Software Engineer, Gemini Enterprise Mobile (iOS",Google,"Sunnyvale, CA, USA",Mid
"Software Engineer Manager, Looker",Google,"Sunnyvale, CA, USA",Advanced
"Software Engineer III, YouTube Ads Android",YouTube,"Mountain View, CA, USA",Mid
"Tech Lead Manager, Agentic Commerce",Google,"Mountain View, CA, USA",Advanced
Strategy and Operations Senior Associate,Google,"New York, NY, USA",Mid
"Product Support Consultant, Measurement",Google,"Hyderabad, Telangana, India",Mid
"AI Outcome Customer Engineer, Google Cloud",Google,"Seoul, South Korea",Advanced
"Business Operations Program Manager, Global Data Centers (Danish)",Google,"Fredericia, Denmark",Early
"Software Engineer III, Security/Privacy, Google Cloud Security and Privacy",Google,"Kirkland, WA, USA",Mid
"Senior Software Engineer, Android Pixel Photos",Google,"Mountain View, CA, USA",Mid
"Senior Technical Program Manager, AI2, Data Centers",Google,"Sunnyvale, CA, USA",Advanced
"Senior Software Engineer, Messages",Google,"Mountain View, CA, USA",Mid
"Senior Software Engineer, Mobile (iOS), Core",Google,"Kirkland, WA, USA",Mid
Partner Solutions Engineer,Google,"Dublin, Ireland",Mid
"Senior Software Engineer, Consumer Payments Growth",Google,Singapore,Mid
"Senior Software Engineer, Systems, Pixel Stability",Google,"Mountain View, CA, USA",Mid
"ASIC Power Engineer, ML Accelerators",Google,"Sunnyvale, CA, USA",Mid
"Software Engineer III, Pixel Audio",Google,"Mountain View, CA, USA",Mid
"Data Center Technician II, Global Server Ops",Google,"Stillwater, OK, USA",Early
"Growth Manager, App Sales (English, Ukranian/Russian)",Google,"Dublin, Ireland",Early
Senior Data Center Power Protection Controls Engineering,Google,"Dublin, Ireland",Mid
"Senior Security Engineer, Digital Forensics",Google,"San Jose, CA, USA",Mid
"Technical Program Manager, Security Engineering",Google,Singapore,Mid
"Senior Design Verification Engineer, Silicon",Google,"Bengaluru, Karnataka, India",Mid
"Customer Engineer, Advanced Technology, Google Cloud, Digital Native",Google,"Beijing, China",Advanced
"Product Marketing Manager, Chrome for Developers",Google,"Mountain View, CA, USA",Mid
Data Center Mechanical Engineer,Google,"Atlanta, GA, USA",Mid
"Water Treatment Technician, Data Centers",Google,"Kronstorf, Austria",Early
"Senior Software Engineer, Infrastructure, Google Cloud Global Networking",Google,"Sunnyvale, CA, USA",Mid
"Software Engineer III, Infrastructure, Cloud SQL",Google,"Sunnyvale, CA, USA",Mid
"Policy Strategist, Kids and Families",Google,"New York, NY, USA",Advanced
Senior Mechanical Engineering Manager,Google,"Mountain View, CA, USA",Advanced
"Product Support Manager, Core Account Access and Security",Google,"Boulder, CO, USA",Mid
Data Center Operations Facilities Manager,Google,"Leesburg, VA, USA",Advanced
"Data Scientist, Research Intern, PhD, Summer 2027",Google,"Mountain View, CA, USA",Intern & Apprentice
"Software Engineer, Program Analysis, Mobile Threat Analysis Platform",Google,"Mountain View, CA, USA",Mid
"International Growth Consultant, Google Customer Solutions (English, German)",Google,"Dublin, Ireland",Early
"Strategy and Insights Lead, LATAM (English, Spanish)",Google,"Mexico City, CDMX, Mexico",Mid
"Technical Program Manager, Data Center Operations, Tooling and Telemetry",Google,"London, UK",Mid
"Regional Manager, Data Center Network Delivery",Google,"Dublin, Ireland",Advanced
"Software Engineering Manager II, AI/ML, Google Cloud AI",Google,"Sunnyvale, CA, USA",Advanced
"Customer Engineer, Digital Natives",Google,"Berlin, Germany",Mid
"Administrative Business Partner II, Android Ecosystem",Google,"Mountain View, CA, USA",Early
"Mechanical Engineer, Robotics, DeepMind",DeepMind,"Cambridge, MA, USA",
"Product Manager, Android Maps Reach",Google,"Bengaluru, Karnataka, India",Mid
"Data Center Facilities Technician I, Mechanical",Google,"Reno, NV, USA",Early
Data Center Controls Engineer,Google,"Austin, TX, USA",Mid
"Administrative Business Partner, Platforms and Devices, XR",Google,"San Jose, CA, USA",Mid
"Software Engineer, Enterprise AI Platforms and Agent Architecture",Google,"Sunnyvale, CA, USA",Advanced
"Software Technical Lead, Display, Pixel",Google,"Mountain View, CA, USA",Advanced
"Staff Software Engineer, Geo, Agentic AI Engineering",Google,"Bengaluru, Karnataka, India",Advanced
"Customer Growth Associate, Google Customer Solutions (English)",Google,"San Francisco, CA, USA",Early
"Staff Software Engineer, XR Audio Platform and Wakeword",Google,"San Jose, CA, USA",Advanced
"Strategic Partnerships Development Manager, Google Play (Fixed-Term Contract)",Google,"Sydney NSW, Australia",Mid
"Legal Entity Analyst, International Controllership",Google,"Dublin, Ireland",Mid
"ATE Test Engineer, Google Cloud",Google,"Sunnyvale, CA, USA",Mid
"Senior Reliability Engineer, MicroLED",Google,"Fremont, CA, USA",Mid
"Strategic Partner Development Manager, International Pixel Product Partnerships",Google,"Mountain View, CA, USA",Mid
"Consulting Account Lead, Public Sector, Google Cloud",Google,Singapore,Advanced
"Staff Embedded Software Engineer, Pixel Interfaces",Google,"Mountain View, CA, USA",Advanced
"Senior Manager, Product Lead, YouTube Business Technology",YouTube,"San Bruno, CA, USA",Advanced
"Technical Program Manager, Google Play Monetization, Devices and Services",Google,"Bengaluru, Karnataka, India",Mid
"Director, Product Management, Enterprise Security",Google,"San Jose, CA, USA",Director+
"Account Manager, Lead Gen and Marketplaces",Google,"Los Angeles, CA, USA",Early
"Growth Lead, GTM, Google Cloud, SEA",Google,Singapore,Advanced
"Customer Storytelling Manager, Cloud North America",Google,"Seattle, WA, USA",Mid
"Associate Manager, Trust Strategy and Operations",Google,"New York, NY, USA",Mid
"Security Consultant, SOAR, Mandiant, Google Cloud",Google,"Austin, TX, USA",Mid
"Software Engineering Manager, Chrome Content Consumption",Google,"Mexico City, CDMX, Mexico",Advanced
"Senior Staff Software Engineer, Home and Health",Google,"Warsaw, Poland",Advanced
"Third Party Data Center Technical Operations Manager, Facilities/Maintenance",Google,"Dalarna, Sweden",Mid
"Technical Program Manager III, Machine Learning and Data, Pixel",Google,"Mountain View, CA, USA",Mid
"Senior Software Engineer, AI/ML, AI and Infrastructure",Google,"Sunnyvale, CA, USA",Mid
"Data Center Technician III, Networking Infrastructure",Google,"Council Bluffs, IA, USA",Early
"AI Solutions Deployment Manager, Cloud Applied AI, Telco",Google,"Waterloo, ON, Canada",Advanced
"Front End Infrastructure Software Engineer, AP Performance Google Ads",Google,"Mountain View, CA, USA",Mid
"Staff Software Engineer, Quantum Error Correction Decoding, Quantum AI",Google,"Goleta, CA, USA",Advanced
"Marketing Science Lead (English, Portuguese)",Google,"São Paulo, Brazil",Mid
"Field Sales Representative, Retail",Google,"Paris, France",Advanced
"Principal Architect, Google Cloud",Google,"Frankfurt, Germany",Advanced
"Edge-AI SOC Verification Lead, Google Cloud",Google,"Tel Aviv, Israel",Advanced
"Staff Software Engineer, AI/ML, Google Labs",Google,"Mountain View, CA, USA",Advanced
"Senior Supplier Quality Engineer, Raxium",Google,"Fremont, CA, USA",Mid
"Program Manager, Data Center Construction",Google,"Tulsa, OK, USA",Advanced
"Data Center Facilities Technician, Mechanical",Google,"Mesa, AZ, USA",Early
"Staff Software Engineer, Google Health Coach",Google,"London, UK",Advanced
"Senior Real Estate Planner, REWS Planning",Google,Singapore,Advanced
"Regional Manager, Google Cloud, Government Affairs and Public Policy",Google,"Kansas, USA",Mid
Data Engineer,Google,"Mountain View, CA, USA",Mid
"YouTube Solutions Expert, gTech Ads (English and Portuguese)",YouTube,"São Paulo, Brazil",Mid
"Product Manager, Pixel Connectivity Experiences",Google,"Mountain View, CA, USA",Mid
Data Center Technician II,Google,"Haskell, TX, USA",Early
"Supplier Quality Engineer, OEM Networking",Google,"Sunnyvale, CA, USA",Mid
"Senior Software Engineer, AI/ML, AI Garage",Google,"Hyderabad, Telangana, India",Mid
"Strategic Negotiator, Economic Development",Google,"Seattle, WA, USA",Advanced
"Industry Manager, Telecom and Finance Industry, Large Customer Sales",Google,"Tokyo, Japan",Mid
"Global Business Solutions, Customer Experience, UX, Profitability Consultant",Google,"Dublin, Ireland",Mid
"Customer Engineering Manager II, Google Cloud Fraud Defense, Google Cloud",Google,"Austin, TX, USA",Advanced
Administrative Business Partner III,Google,"Mountain View, CA, USA",Mid
"Applied Solutions Architect, Google Cloud (Korean, English)",Google,"Seoul, South Korea",Mid
"Software Engineer III, Google Cloud Security and Privacy",Google,"San Francisco, CA, USA",Mid
"Creator Experience Policy Analyst, YouTube Monetization Trust and Safety",YouTube,"Dublin, Ireland",Mid
"Senior Software Engineer, AI/ML, Android",Google,"Mountain View, CA, USA",Mid
Data Center Electrical Engineer,Google,"Bridgeport, AL, USA",Mid
Business Partnership and Category Manager,Google,"Chicago, IL, USA",Mid
"Silicon Sourcing Manager, CPU",Google,"Sunnyvale, CA, USA",Advanced
"User Experience Research Intern, MS, Summer 2027",Google,"Mountain View, CA, USA",Intern & Apprentice
Data Center Services Manager,Google,"Saint-Ghislain, Belgium",Advanced
"Research Scientist, Cloud AI Research",Google,"Mountain View, CA, USA",Mid
"Field Sales Representative, Digital Natives, Google Cloud (English, Korean)",Google,"Seoul, South Korea",Mid
"Senior Interaction Designer, Google Meet",Google,"New York, NY, USA",Mid
Security Engineering Technology Specialist,Google,"Bengaluru, Karnataka, India",Mid
"Software Engineer Manager, Google Cloud Business Platform",Google,"Bengaluru, Karnataka, India",Advanced
"Acoustic Engineer, Consumer Device Hearables",Google,"Mountain View, CA, USA",Mid
"Engineering Manager, Looker, Google Cloud",Google,"Hyderabad, Telangana, India",Advanced
"Silicon Formal Verification Engineer III, Cloud",Google,"Bengaluru, Karnataka, India",Mid
"Data Center Facilities Technician I, Electrical",Google,"Leesburg, VA, USA",Early
"Staff Software Engineer, Log Storage",Google,"San Jose, CA, USA",Advanced
"Account Strategist, Mid-Market Sales, Google Customer Solutions",Google,"Los Angeles, CA, USA",Early
Mental Health Program Manager,Google,"London, UK",Mid
Digital Technology Program Manager,Google,Singapore,Mid
"Administrative Business Partner II, Metro Data Centers",Google,"Sterling, VA, USA",Early
"Accelerated Growth Consultant, Accelerated Growth Team, Google Customer Solutions, Market Greece (English, Greek)",Google,"Dublin, Ireland",Mid
"Senior Software Engineer, Rapid Prototyping Pixel Products",Google,"Cambridge, MA, USA",Mid
"Partner Learning Portfolio Lead, Google Cloud",Google,"Boulder, CO, USA",Mid
"Customer Engineer, AI Security, Google Cloud",Google,Singapore,Mid
"Business Transformation Lead, Platforms and Devices",Google,"Mountain View, CA, USA",Mid
"AI Customer Engineer, National Security, Google Public Sector",Google,"Reston, VA, USA",Advanced
"People Consultant, Onsite Data Center",Google,"Pryor Creek, OK 74361, USA",Mid
"Customer and Partner Solutions Engineering Intern, BS/MS, Summer 2027",Google,"Mountain View, CA, USA",Intern & Apprentice
"Forward Deployed Engineer, Google Cloud, GenAI",Google,"Dublin, Ireland",Advanced
"Staff Software Engineer, YouTube Ads Video Creatives",YouTube,"Warsaw, Poland",Advanced
"AI Sales Specialist, Google Cloud",Google,Singapore,Advanced
"Senior Technical Program Manager, Cloud Silicon",Google,"Bengaluru, Karnataka, India",Advanced
YouTube Training Lead,YouTube,"New York, NY, USA",Mid
"Software Engineer III, Agent Quality and Efficiency Optimization",Google,"Warsaw, Poland",Mid
"Senior Security Engineer, Android Anti-Malware",Google,"Kirkland, WA, USA",Mid
"Senior Finance Manager, Google One, AI Subscriptions, Go-To-Market",Google,"Mountain View, CA, USA",Advanced
"Staff Security Engineer, Security Research",Google,"San Jose, CA, USA",Advanced
"Senior Staff Software Engineer, AI Agent Platform, Vertex",Google,"Warsaw, Poland",Advanced
"Engineering Manager, Borglet Machine Learning",Google,"Sunnyvale, CA, USA",Advanced
"Software Engineering Manager II, Cloud Storage, D Server",Google,"New York, NY, USA",Advanced
"Software Engineering or SRE, PhD Intern, 2027",Google,"London, UK",Intern & Apprentice
"Software Engineer III, Waze, Mobile (Android)",Google,"Tel Aviv, Israel",Mid
"Business Development Manager, New Business Sales (English, Mandarin)",Google,"Shanghai, China",Early
Project Executive,Google,"Sunnyvale, CA, USA",Advanced
"Senior Offensive Security Consultant, Mandiant, Google Cloud",Google,"Boulder, CO, USA",Mid
"Senior Product Manager, Strategic Growth Initiatives, Search",Google,"Mountain View, CA, USA",Advanced
"Business Program Manager, Google Education",Google,"New York, NY, USA",Early
"Senior Security Engineer, Enterprise Infrastructure Protection",Google,"Sydney NSW, Australia",Mid
"Regional Product Lead, Display and Video Specialist (English, Japanese)",Google,Singapore,Mid
"Data Center Technician, Hardware Operations",Google,"Pryor, OK, USA",Early
"Senior Director, Energy and Power Optimization Strategy and Risk Management",Google,"San Francisco, CA, USA",Director+
Google Cloud Logistics Area Manager,Google,"Moncks Corner, SC, USA",Advanced
"Strategy and Operations Program Manager, Data Center and Delivery Engineering",Google,"Sunnyvale, CA, USA",Mid
CPU Execution Unit Design and Micro-Architect Engineer,Google,"Austin, TX, USA",Mid
"Programmatic Account Manager, LCS, Financial Services",Google,"Toronto, ON, Canada",Early
"Practice Customer Engineer, Apigee, Google Cloud",Google,"Chicago, IL, USA",Advanced
"Software Engineer III, Android, Jetpack Remote Compose",Google,"London, UK",Mid
"AI Outcome Customer Engineer, FDE, Google Cloud",Google,"Bengaluru, Karnataka, India",Advanced
"Senior Software Engineer, Android Trust",Google,Singapore,Mid
"Software Engineer III, Computer Vision, Pixel Camera",Google,"San Diego, CA, USA",Mid
"Staff ML Compiler Engineer, TPU Performance Optimizations",Google,"Bengaluru, Karnataka, India",Advanced
"Subscriptions Product Marketing Manager, Connected TV, YouTube Marketing",YouTube,"San Bruno, CA, USA",Mid
"Senior Network Engineer, Google Global Infrastructure",Google,"Austin, TX, USA",Mid
"Senior Software Engineer, Infra Spanner",Google,"Sunnyvale, CA, USA",Mid
"Hardware Engineering Intern, PhD, Summer 2027",Google,"Mountain View, CA, USA",Intern & Apprentice
"Technical Account Manager, Google Cloud Consulting",Google,"San Francisco, CA, USA",Mid
"Account Strategist, Mid-Market Sales, Google Customer Solutions",Google,"New York, NY, USA",Early
"Data Scientist, Research, Reliability Analytics",Google,"London, UK",Mid
"Electrical Engineer, Robotics, DeepMind",DeepMind,"Cambridge, MA, USA",
"Software Engineer III, Infrastructure, Google Cloud Performance",Google,"New York, NY, USA",Mid
"Product Account Executive, Large Customer Sales",Google,"Toronto, ON, Canada",Mid
"Senior Software Engineer, Full Stack",Google,"Atlanta, GA, USA",Mid
"Principal Engineer, Google Compute Platform Security",Google,"Seattle, WA, USA",Director+
"Regional Product Lead, DV, Lead Gen, PSA APAC",Google,"Gurgaon, Haryana, India",Mid
"Senior Software Engineer, Full Stack",Google,"San Jose, CA, USA",Mid
"Technical Program Management, Google Network Acquisition",Google,Singapore,Mid
"Growth Marketing Manager, YouTube Premium Marketing",YouTube,"Chicago, IL, USA",Mid
"Product Manager, AI Google Search Growth",Google,"Mountain View, CA, USA",Mid
"Technical Program Manager III, Security, Core",Google,"Austin, TX, USA",Mid
Strategic Agency Manager,Google,Singapore,Mid
"Brand and Social Marketing Manager, Payments",Google,"Mountain View, CA, USA",Mid
"Product Marketing Manager, Developer Technical Content, Cloud Product Marketing",Google,"New York, NY, USA",Mid
Solutions Consultant,Google,"Chicago, IL, USA",Mid
"Data Center Facilities Technician, Mechanical",Google,"Pryor Creek, OK, USA",Early
"Design Engineer, Edge AI, Google Cloud",Google,"Tel Aviv, Israel",Mid
"Ecosystem Sales Engineer, Large Customer Sales",Google,"New York, NY, USA",Mid
"Software Engineer III, Android, Rich Communication Services for Business",Google,"Kraków, Poland",Mid
"Program Manager, Depot Operations (Japanese, English)",Google,"Tokyo, Japan",Mid
"Head of Regional Sales Programs and Infrastructure, APAC RSO",Google,Singapore,Advanced
"Staff Software Engineering Manager, YouTube",YouTube,"San Bruno, CA, USA",Advanced
"Product Technology Manager, Shopping Partner Engineering",Google,"Zürich, Switzerland",Mid
"Staff Software Engineer, Data Acquisition Infrastructure",Google,"San Jose, CA, USA",Advanced
"Hardware Electrical Engineer, Pixel Watch",Google,"New Taipei, Banqiao District, New Taipei City, Taiwan",Mid
"Strategic Partner Manager, Play Games Partnerships (English, Japanese)",Google,"Tokyo, Japan",Mid
"Software Engineer III, Infrastructure, Google Cloud Storage",Google,"Hyderabad, Telangana, India",Mid
"Technical Program Manager, Google Chat, Workspace",Google,"Sunnyvale, CA, USA",Mid
"Senior Manager, Product Design Engineering, Pixel Phones",Google,"New Taipei, Banqiao District, New Taipei City, Taiwan",Advanced
"Graphics Software Engineer, Chrome Browser",Google,"Raleigh, NC, USA",Mid
"Software Engineer, Machine Learning, TPU Workload Optimization",Google,Singapore,Mid
"Research Scientist, FSF Risk Modeling and Governance, DeepMind",DeepMind,"London, UK",
"Software Engineer III, AI/ML GenAI, Google Cloud AI",Google,"Sunnyvale, CA, USA",Mid
Network Operation Engineer,Google,"Bengaluru, Karnataka, India",Early
"Consulting Account Lead IV, Google Cloud",Google,"Los Angeles, CA, USA",Advanced
"Software Engineering PhD Intern, 2027",Google,"Zürich, Switzerland",Intern & Apprentice
"Embedded Systems Senior Software Engineer, AI/ML, Google Labs",Google,"Mountain View, CA, USA",Mid
"Senior Software Engineer, Backend, Google Photos",Google,"Mountain View, CA, USA",Mid
"Technical Program Manager, Digital Solutions",Google,Singapore,Mid
"Senior Network Engineer, Robotics, DeepMind",DeepMind,"Mountain View, CA, USA",
"Technical Program Manager, Factory Software Programs, Platforms and Devices",Google,"New Taipei, Banqiao District, New Taipei City, Taiwan",Mid
EHS Cluster Manager,Google,"Seattle, WA, USA",Advanced
"Post-training Agentic Research Scientist, DeepMind",DeepMind,"Mountain View, CA, USA",
Product Manager,Google,"Mountain View, CA, USA",Advanced
Corporate Development Strategy and Scouting Associate,Google,"Mountain View, CA, USA",Mid
"Field CTO, Research, Google Public Sector",Google,"Reston, VA, USA",Advanced
"Senior Staff Software Engineer, High Performance Networking, Platforms Infrastructure Engineering",Google,"Sunnyvale, CA, USA",Advanced
"Customer Onboarding Strategist (English, Vietnamese)",Google,Singapore,Early
"Senior Staff Software Engineer, Cloud SDK",Google,"Kirkland, WA, USA",Advanced
"Product Data Scientist, YouTube Search and Viewer AI",YouTube,"San Bruno, CA, USA",Mid
Data Center Technician,Google,"Kuala Lumpur, Federal Territory of Kuala Lumpur, Malaysia",Early
"Geo Expansion Lead, Google Cloud",Google,Singapore,Advanced
"SoC Power Architect, Pixel Power",Google,"New Taipei, Banqiao District, New Taipei City, Taiwan",Mid
"Outcome Customer Engineer II, Strategic AI and Independent Software Vendor, Google Cloud",Google,"San Francisco, CA, USA",Mid
"Senior Software Engineer, Mobile (iOS)",Google,"New York, NY, USA",Mid
"Research Scientist, Human Data, Robotics, DeepMind",DeepMind,"London, UK",
"User Experience Design Apprenticeship, February 2027 Start",Google,"New York, NY, USA",Intern & Apprentice
"Business Data Scientist, YouTube Trust and Safety",YouTube,"Hyderabad, Telangana, India",Mid
"Research Intern, PhD, Summer 2027",Google,"Mountain View, CA, USA",Intern & Apprentice
"Partner Solution Architect, Regional System Integrators",Google,"Zürich, Switzerland",Advanced
"Hardware System Technical Program Manager, Trackers and Home",Google,"New Taipei, Banqiao District, New Taipei City, Taiwan",Mid
"Staff Software Engineer, Knowledge Catalog, Core Data",Google,"Bengaluru, Karnataka, India",Advanced
"Technical Program Manager, Energy Contracts and Asset Management",Google,"New York, NY, USA",Mid
"Head of Video, US Retail West",Google,"Seattle, WA, USA",Advanced
Data Center Facility Manager,Google,"Wichita Falls, TX, USA",Mid
"Data Center Technician III, 3PDC",Google,"LaGrange, GA, USA",Early
"Technical Program Manager, DCDE Central Operations, Google Data Centers",Google,Singapore,Advanced
"Analytical Lead, Marketing",Google,"Buenos Aires, Argentina",Mid
"Senior Software Engineering Manager, AI/ML, Google Cloud AI",Google,"Sunnyvale, CA, USA",Advanced
"Strategic Partner Manager, Google Store",Google,"Gurugram, Haryana, India",Mid
"Technical Writing Manager, Google Cloud AI",Google,"Kirkland, WA, USA",Advanced
"Part-Time Research Scientist PhD Intern, 2027",Google,"Tel Aviv, Israel",Intern & Apprentice
Chip Package Signal and Power Integrity Engineer,Google,"Sunnyvale, CA, USA",Advanced
"Staff Security Engineer, Cloud",Google,"New York, NY, USA",Advanced
"Staff Hardware Engineer, Electrical, XR Hardware",Google,"San Jose, CA, USA",Advanced
"Software Engineering Manager, Google Home Platform",Google,"Bengaluru, Karnataka, India",Advanced
"AI Customer Engineer, Digital Natives, Google Cloud",Google,"Gurugram, Haryana, India",Mid
"Technical Program Manager Lead, Android Auto",Google,"San Jose, CA, USA",Advanced
"Software Engineer Manager II, Resource Engineering",Google,"Seattle, WA, USA",Advanced
"Research Engineer, Serving Quality, DeepMind",DeepMind,"Mountain View, CA, USA",
"Customer Solutions Consultant, Platform, Strategic Pursuits, Google Cloud (English, Thai)",Google,"Bangkok, Thailand",Advanced
"Product Manager, Cyber Security, DeepMind",DeepMind,"Mountain View, CA, USA",
"Account Manager, Large Customer Sales",Google,"Bengaluru, Karnataka, India",Mid
"Digital Strategy Lead, Accelerated Growth, Google Customer Solutions (Japanese, English)",Google,"Tokyo, Japan",Mid
"Business Planning and Pricing Principal, Google Cloud Monetization",Google,"Seattle, WA, USA",Advanced
"Regulatory Operations Specialist, YouTube Trust and Safety",YouTube,"San Bruno, CA, USA",Early
"Head of Business Operations and Sales Growth, GCS",Google,Singapore,Advanced
"Principal Security Consultant, Intelligence Services",Google,"North Carolina, USA",Advanced
"Practice Director, Generative AI, Google Cloud",Google,"Sunnyvale, CA, USA",Director+
"Global Product Solutions Lead, App Connect",Google,"New York, NY, USA",Mid
"Student Researcher, PhD, Winter-Summer 2027",Google,"Waterloo, ON, Canada",Intern & Apprentice
"Student Researcher, PhD, Fall 2026",Google,"Mountain View, CA, USA",Intern & Apprentice
"Systems Engineering Manager, Site Reliability Engineering, ML Compute",Google,"London, UK",Advanced
"Health Sensing Engineering Manager, Devices and Services",Google,"Mountain View, CA, USA",Advanced
Quản lý chương trình kỹ thuật (dự án sản xuất thiết bị điện tử),Google,"Hanoi, Vietnam",Mid
"Data Science PhD Intern, 2027",Google,"Warsaw, Poland",Intern & Apprentice
"Media Manager (English, Japanese)",Google,"Tokyo, Japan",Mid
"Product Manager II, Camera and Photos, XR Apps",Google,"San Jose, CA, USA",Mid
"Manager, Consumer Payments Partner Engineering",Google,"Sunnyvale, CA, USA",Advanced
"Senior Financial Analyst, Global Data Centers",Google,"Sunnyvale, CA, USA",Mid
"Developer Relations Engineer, Chrome AI",Google,"Mountain View, CA, USA",Mid
"Data Center Facilities Technician I, Electrical",Google,"Sungai Buloh, Selangor, Malaysia",Early
Export Legal Counsel,Google,"London, UK",Advanced
"Partner Delivery Manager, gTech Ads Agency and Partners",Google,"London, UK",Mid
"Senior Security Engineer, AutoVM, Cloud Usage Taskforce",Google,"San Jose, CA, USA",Mid
"Data Analytics Sales Specialist, Google Cloud",Google,"Gurugram, Haryana, India",Advanced
"Inventory Accountant, Devices and Services Accounting Controllership",Google,"Mountain View, CA, USA",Mid
"Sales Manager, SBS Engage, GCS, Israeli Market (English, Hebrew)",Google,"Dublin, Ireland",Advanced
AI Application Engineer,Google,"New Taipei, Banqiao District, New Taipei City, Taiwan",Mid
"Account Strategist, Engage, Google Customer Solutions (English, Cantonese)",Google,Hong Kong,Early
"Environmental Initiatives Lead, Sustainability",Google,"Chicago, IL, USA",Advanced
"Electrical Design Engineer, Platforms",Google,"Sunnyvale, CA, USA",Mid
AI Outcome Customer Engineer,Google,Singapore,Mid
"Leadership Technical Program Manager II, Data Center Demand and Allocation Planning, Machine Learning",Google,"San Francisco, CA, USA",Advanced
"Software Engineer, AI/ML, Computer Vision, XR",Google,"San Jose, CA, USA",Mid
"Software Engineer III, Infrastructure, API Proxy, One Platform",Google,"Sunnyvale, CA, USA",Mid
"Customer Engineer, Google Workspace",Google,"Gurugram, Haryana, India",Mid
"Strategic Cloud Engineer, Appdev Practice",Google,Singapore,Mid
"Student Researcher, PhD, Fall 2026",Google,"Waterloo, ON, Canada",Intern & Apprentice
"Senior Software Developer, Full Stack, Applied AI Agent Studio",Google,"Sunnyvale, CA, USA",Mid
"Software Engineer, Backend, Google Photos",Google,"Mountain View, CA, USA",Mid
"Technical Program Manager Intern, BS/MS, Summer 2027",Google,"Mountain View, CA, USA",Intern & Apprentice
"Engineering Manager, NIC Pipeline",Google,"Sunnyvale, CA, USA",Advanced
"Technical Program Manager, Product Development and Insertion Data Centers",Google,"New York, NY, USA",Mid
"Enablement Leader, Google Public Sector",Google,"Reston, VA, USA",Advanced
"Staff Software Engineer, YouTube Commerce, Applied Benefits",YouTube,"Bengaluru, Karnataka, India",Advanced
"Software Engineer, Agentic Infrastructure for Data Engineering",Google,"Sunnyvale, CA, USA",Mid
"Research Data Scientist, Search Ads in AI Experiences",Google,"Mountain View, CA, USA",Mid
"Senior Field Sales Representative, Financial Services Industry (Japanese)",Google,"Tokyo, Japan",Advanced
"Threat Defense Consultant, Mandiant",Google,"Virginia, USA",Mid
"Gameplay Engineer, Games, DeepMind",DeepMind,"London, UK",
"Video Solutions Expert, gTech Ads Solutions (Spanish, English)",Google,"Dublin, Ireland",Early
AI Value Creation Senior Principal,Google,"Dublin, Ireland",Advanced
"Senior Staff Software Engineer, Google One",Google,"Mountain View, CA, USA",Advanced
"Senior Software Engineer, Thermal Management, Pixel",Google,"Mountain View, CA, USA",Mid
Sales Operations Senior Associate,Google,"New York, NY, USA",Mid
"Staff Software Engineer, Infrastructure, Google Cloud Compute",Google,"Kirkland, WA, USA",Advanced
"Software Engineer III, Secure Network Infrastructure",Google,"Sunnyvale, CA, USA",Mid
Vendor Operations Manager,Google,"Dublin, Ireland",Mid
"Senior Staff Software Engineer, Production PKIS",Google,"Kirkland, WA, USA",Advanced
"Staff Software Engineer, Data Center and AI Infrastructure",Google,"Sunnyvale, CA, USA",Advanced
"Chuyên gia quản lý chất lượng sản phẩm, nhà cung cấp (dự án sản xuất thiết bị điện tử)",Google,"Hanoi, Vietnam",Mid
"Search Product Specialist, gTech Ads Customer Support, Search Center of Excellence",Google,"Boulder, CO, USA",Mid
"Software Engineer III, Cloud Security, Identity and Access Management",Google,"San Francisco, CA, USA",Mid
"Senior Technical Program Manager, GCP IAM",Google,"San Francisco, CA, USA",Advanced
Content Safety Analyst,Google,"Austin, TX, USA",Mid
"Product Manager I, Google Tag Manager",Google,"Mountain View, CA, USA",Mid
"GenAI Technical Engagement Lead, DeepMind",DeepMind,"Mountain View, CA, USA",
"Senior Security Engineer, Trust and Safety, Cloud, Workspace",Google,"Kirkland, WA, USA",Mid
"Senior Technical Program Manager, GTM AI Tech, Google Cloud",Google,"Sunnyvale, CA, USA",Advanced
"Customer Engineer, Federal Civilian, Google Public Sector",Google,"Reston, VA, USA",Advanced
"Strategic Missions and Partnerships Sales Leader, Google Cloud Universal Ledger",Google,"New York, NY, USA",Advanced
"Senior Optical Health Sensing Engineer, Pixel Hardware",Google,"Mountain View, CA, USA",Mid
"Manager, Applied AI Engineering, DeepMind",DeepMind,"London, UK",
"Senior Embedded Software Engineer, Android OS",Google,"San Jose, CA, USA",Mid
"Software Engineer III, AI/ML, Google Cloud AI",Google,"Sunnyvale, CA, USA",Mid
"HR Consultant, Onsite Data Center (Fixed-Term Contract) (English, German)",Google,"Kronstorf, Austria",Mid
"Analytical Lead, Food Beverage and Restaurants, Large Customer Sales",Google,"New York, NY, USA",Mid
"Security Engineer III, Cloud Security Controls",Google,"New York, NY, USA",Mid
"Security Sales Specialist, Google Cloud (Thai, English)",Google,"Bangkok, Thailand",Advanced
"Software Engineer III, GTI",Google,"Málaga, Spain",Mid
"Glasses Manufacturing and Product Design Lead, XR Hardware",Google,"San Jose, CA, USA",Advanced
"Staff Research Scientist, Google Research",Google,"New York, NY, USA",Advanced
"Technical Program Manager II, Mission Critical, Google Data Centers",Google,"Council Bluffs, IA, USA",Mid
"Senior Product Data Scientist, Search App Growth",Google,"Mountain View, CA, USA",Mid
"Senior Red Team Security Consultant, Mandiant, Google Cloud (English)",Google,"Addison, TX, USA",Mid
"Data Center Technician III, Global Server Operations",Google,"Fredericia, Denmark",Early
"Senior Manufacturing Test Development Engineer, Machine Learning",Google,"Sunnyvale, CA, USA",Mid
"Product Design Engineer, Pixel Earbuds",Google,"Mountain View, CA, USA",Early
"Software Engineer Manager, SSD Security Software",Google,"Sunnyvale, CA, USA",Advanced
"Communications Manager, Music and Artist Partnerships, YouTube",YouTube,"New York, NY, USA",Advanced
"Staff ASIC Power Engineer, ML Accelerators",Google,"Sunnyvale, CA, USA",Advanced
"Machine Learning Engineer, Search and Shopping",Google,"Mountain View, CA, USA",Advanced
Silicon Automation Engineer,Google,"Tel Aviv, Israel",Mid
"Go-To-Market Security Lead, Google Cloud (Japanese)",Google,"Tokyo, Japan",Advanced
"AI Outcome Customer Engineer, Google Cloud",Google,"Taipei, Taiwan",Advanced
"Senior CPU Design Verification Engineer, Google Cloud",Google,"Tel Aviv, Israel",Mid
"Supplier Quality Engineer, Thermals, Google Cloud",Google,"Taipei, Taiwan",Mid
"Senior Software Engineer, Corp Eng",Google,"Hyderabad, Telangana, India",Mid
"Technical Program Manager, Infrastructure SRE",Google,"Warsaw, Poland",Mid
"Hardware System Engineering Program Manager, Trackers and Home",Google,"New Taipei, Banqiao District, New Taipei City, Taiwan",Mid
"Group Product Manager, User Growth, Google Maps",Google,"Mountain View, CA, USA",Advanced
GPU System Software Engineer,Google,"Sunnyvale, CA, USA",Advanced
"Data Center Facilities Technician, Electrical",Google,"Stillwater, OK, USA",Early
"Strategy and Operations Lead, gTech Ads Solutions",Google,"Hyderabad, Telangana, India",Mid
"Software Engineer, Search",Google,"Haifa, Israel",Mid
"Measurement Partner Lead, Global Third Party Ecosystem",Google,"New York, NY, USA",Mid
"Technical Program Manager, Data Center Services",Google,"Dublin, Ireland",Mid
"Facilities Manager, Data Center Operations",Google,"Council Bluffs, IA, USA",Mid
"Customer Engineer III, Outcome, TMEG, Google Cloud",Google,"Los Angeles, CA, USA",Advanced
"Global Product Go-to-Market Lead, Revenue Opportunities",Google,"New York, NY, USA",Mid
"Senior Account Strategist, Mid-Market Sales, Google Customer Solutions",Google,"New York, NY, USA",Mid
"Analyst, Content Safety",Google,"Austin, TX, USA",Mid
Global Supply Chain Manager,Google,"Taipei, Taiwan",Mid
"Software Engineer, Content Safety, Core",Google,Singapore,Early
"Director, Trust and Safety, Trusted Experiences, Google DeepMind",Google,"Sunnyvale, CA, USA",Director+
Data Scientist,Google,"San Bruno, CA, USA",Mid
"Staff Research Data Scientist, AI Data Intelligence",Google,"Mountain View, CA, USA",Advanced
"Senior Systems Development Engineer, CDS, Google Public Sector",Google,"Reston, VA, USA",Mid
"Manager, Music Content Partnerships, YouTube",YouTube,"Sydney NSW, Australia",Mid
"Group Product Manager, Android Next-Gen Platform and Longevity",Google,"Mountain View, CA, USA",Advanced
"Senior Software Engineer, Infrastructure, Core",Google,"San Jose, CA, USA",Mid
"Senior Silicon System and Software Integration Engineer, Google",Google,"Sunnyvale, CA, USA",Mid
"Customer Solutions Architect, Platform, Retail, Google Cloud",Google,"Shanghai, China",Mid
"Staff Software Engineer, YouTube Ads Personalization Infrastructure",YouTube,"Mountain View, CA, USA",Advanced
"Billing Specialist, gTech Ads Customer Experience",Google,"Wrocław, Poland",Mid
"Customer Engineer, Retail, CPG and Travel, UKI, Customer Engineering",Google,"London, UK",Advanced
"Principal Engineer, Agentic AI, App and EcoSystem Safety",Google,Singapore,Director+
Customer Solutions Engineer,Google,"Austin, TX, USA",Mid
"Data Center Facilities Technician II, Electrical",Google,"Sterling, VA, USA",Early
"Research Engineer, Gemini Personalization Research, DeepMind",DeepMind,"Mountain View, CA, USA",
"Data Center Facilities Engineer, Controls (English)",Google,"Inzai, Chiba, Japan",Early
"Staff Software Engineer, Agentic Automations, Connect Sales, Sales AI, Google Ads",Google,"Mountain View, CA, USA",Advanced
"Senior Software Engineering Manager, YouTube Channel Memberships",YouTube,"Zürich, Switzerland",Advanced
"Senior Growth Manager, AppDev Sales (English, Chinese)",Google,"Shanghai, China",Mid
"Accountant, Google One",Google,"Mountain View, CA, USA",Mid
Demo Solutions and Experience Lead,Google,"Mountain View, CA, USA",Mid
"Account Executive, Apps, Large Customer Sales",Google,"San Francisco, CA, USA",Mid
"Staff Research Engineer, Applied AI, DeepMind",DeepMind,Singapore,
"Strategic Agency Manager, Google Customer Solutions, Benelux (Dutch, English)",Google,"Dublin, Ireland",Mid
"Senior Technical Program Manager, Network Planning and Design Systems",Google,"Addison, TX, USA",Advanced
"Product Marketing Manager, Pixel for Business (Japanese, English)",Google,"Tokyo, Japan",Mid
"Technical Program Manager Lead, Supply Partner Management, XR Hardware",Google,"San Jose, CA, USA",Advanced
"Field Sales Representative, Corporate, Google Cloud",Google,"Mexico City, CDMX, Mexico",Mid
"Software Engineering Manager II, Persistent Disk",Google,"Bengaluru, Karnataka, India",Advanced
"Silicon Engineering Intern, BS/MS, Summer 2027",Google,"Sunnyvale, CA, USA",Intern & Apprentice
"Security Engineering Manager, Silicon Software",Google,"Mountain View, CA, USA",Advanced
"Software Engineer III, Infrastructure, Telemetry Router",Google,"Pittsburgh, PA, USA",Mid
"Data Center Technician, Operations",Google,"Reno, NV, USA",Early
"Senior Software Engineer, AI/ML, Ads Bidding",Google,"New York, NY, USA",Mid
"Senior Engineering Analyst, AI Answers, Google Search",Google,"Seattle, WA, USA",Mid
"Senior Software Engineer, AI/ML GenAI, YouTube",YouTube,"Mountain View, CA, USA",Mid
"Software Engineer III, Android, Google Messages, App Basics",Google,"Mountain View, CA, USA",Mid
"Software Engineering Intern, PhD, Summer 2027",Google,"Taipei, Taiwan",Intern & Apprentice
"Product Deployment Engineer, gTech (English, Mandarin)",Google,"Shanghai, China",Mid
"Technical Account Manager I, Google Cloud Consulting (Spanish, English)",Google,"Mexico City, CDMX, Mexico",Mid
Software Engineer III,Google,"Pittsburgh, PA, USA",Mid
"Technical Program Manager III, Agentic Compliance, Google Research",Google,"Mountain View, CA, USA",Mid
"Customer and Partner Solutions Engineer (Japanese, English)",Google,"Taipei, Taiwan",Mid
"Technical Program Manager, Debug",Google,Singapore,Mid
"Analyst, Technical Infrastructure Assets",Google,"Chicago, IL, USA",Mid
UX Quantitative Researcher II,Google,"Seattle, WA, USA",Early
"Technical Program Manager Lead, Gemini Cloud Assist",Google,"Sunnyvale, CA, USA",Advanced
"RTL Design Engineer, Silicon",Google,"Mountain View, CA, USA",Mid
"Senior Software Engineer, XR Embedded, Platforms and Devices",Google,"San Jose, CA, USA",Mid
"Senior Software Engineer, Pixel Security and Privacy",Google,"New Taipei, Banqiao District, New Taipei City, Taiwan",Mid
"Account Executive, Home and Consumer Services",Google,"New York, NY, USA",Mid
"Data Center Facilities Technician II, Generators",Google,"Lima, OH, USA",Early
"AI Interface Specialist, Staff UX Designer, Google Labs",Google,"Mountain View, CA, USA",Advanced
"Senior UX Designer, Google Ads",Google,"Bengaluru, Karnataka, India",Mid
"Business Operations Program Manager, Global Data Centers (Swedish, English)",Google,"Horndal, Sweden",Early
"Research Data Science Manager, Trust and Safety",Google,"Atlanta, GA, USA",Advanced
"Engineering Analyst, Trust and Safey Ads",Google,"Hyderabad, Telangana, India",Mid
Applied AI and Commercial Operations Specialist,Google,"Los Angeles, CA, USA",Advanced
"Senior Software Engineer, ML Compiler, Frameworks and Performance",Google,"Bengaluru, Karnataka, India",Mid
"Account Strategist, Mid-Market Sales, Google Customer Solutions (English, Korean)",Google,"Seoul, South Korea",Early
"Forward Deployed Engineer, GenAI, Google Public Sector",Google,"Reston, VA, USA",Advanced
"Account Executive, New Business Sales Central Europe (English/Polish, Romanian)",Google,"Hamburg, Germany",Early
"Fab Process Engineering Lead, Raxium",Google,"Fremont, CA, USA",Advanced
Customer and Partner Solutions Engineer,Google,"New York, NY, USA",Mid
"Data and Technology Lead, Large Customer Sales",Google,"Sydney NSW, Australia",Mid
"Senior Software Engineering Manager, Agentic Policies Platform",Google,"Sunnyvale, CA, USA",Advanced
"Senior Product Manager, Ads Data Management",Google,"Los Angeles, CA, USA",Advanced
"Senior Account Manager, Apps",Google,"San Francisco, CA, USA",Mid
"Senior Account Strategist, Mid-Market Sales, Google Customer Solutions",Google,"San Francisco, CA, USA",Mid
"Senior Software Engineer, Health and Home Infrastructure",Google,"Warsaw, Poland",Mid
"Senior Strategic Agency Manager, Google Customer Solutions (Polish Market)",Google,"Dublin, Ireland",Mid
FIA Advanced Work Packaging Lead,Google,"Amsterdam, Netherlands",Mid
"Staff ML Software Engineering Manager, Google Display Ads",Google,"Mountain View, CA, USA",Advanced
"Technical Solutions Engineer, High Touch Support, Compute (English)",Google,"Tokyo, Japan",Mid
"Staff Software Engineer, Wireless Connectivity Lead, Pixel Core Engineering",Google,"Mountain View, CA, USA",Advanced
"Research Scientist Manager, Climate and Energy",Google,"Alameda, CA, USA",Advanced
"Senior Software Engineer, Ask Maps, Geo",Google,Singapore,Mid
"Technical Program Manager/Solutions Engineer, Trusted Tester, Gemini",Google,"Sunnyvale, CA, USA",Mid
"Senior Software Engineer, AI/ML GenAI, Google Cloud Data Management",Google,"Sunnyvale, CA, USA",Mid
"Design Engineer, Custom Circuits, Static Random Access Memory",Google,"Haifa, Israel",Mid
"Technical Program Manager, Health, Fitness, Sleep and Devices",Google,"London, UK",Early
"Security Sales Specialist, SLED, Google Public Sector",Google,"Cambridge, MA, USA",Advanced
"ASIC Design Verification Manager, Google Cloud",Google,"Sunnyvale, CA, USA",Advanced
"Product Manager, Google User Analytics",Google,"Mountain View, CA, USA",Mid
"Staff UX Researcher, GeminiApp, DeepMind",DeepMind,"Mountain View, CA, USA",
EMEA Sales Planning Analyst,Google,"Dublin, Ireland",Mid
"Product Manager, Google Photos",Google,"Bengaluru, Karnataka, India",Mid
"Account Manager, Technology and Lifestyle Services, LCS (Apps Vertical)",Google,"San Francisco, CA, USA",Early
"SoC and IP Design Engineer, Google Cloud",Google,"Haifa, Israel",Mid
"Technical Program Manager III, Manufacturing Test Engineering, Cloud Infrastructure",Google,"Sunnyvale, CA, USA",Mid
"Software Engineer III, Infrastructure, Google TV",Google,"San Jose, CA, USA",Mid
"Senior Software Engineer, AI/ML GenAI, Google Cloud AI",Google,"Sunnyvale, CA, USA",Mid
"Head of Strategy and Operations, xWS gSO",Google,"Sunnyvale, CA, USA",Advanced
"Product Manager, gTech Risk Solutions",Google,"Chicago, IL, USA",Mid
"Industry Manager, Automotive, Large Customer Sales (English, German)",Google,"Munich, Germany",Mid
"Administrative Business Partner, GeminiApp, Technical Program Management team",Google,"Mountain View, CA, USA",Mid
Sr Technical Solutions Consultant- Cloud (multiple openings),Google,"Austin, TX, USA",Mid
"Full Stack Software Engineer, FrontRow Database Observability",Google,"Bengaluru, Karnataka, India",Mid
"Account Manager, Large Customer Sales",Google,"Mumbai, Maharashtra, India",Early
"Solution Architect III, Platform, FSI, Google Cloud",Google,"Toronto, ON, Canada",Advanced
"Staff Software Engineer, Cloud Security",Google,"Málaga, Spain",Advanced
"Senior Outbound Product Manager, Google Cloud",Google,"Sunnyvale, CA, USA",Advanced
"Senior Software Engineer, Gmail Abuse and Safety Protections",Google,"Sunnyvale, CA, USA",Mid
"Business Data Scientist, Applied Machine Learning, GCS",Google,"Mountain View, CA, USA",Mid
"Staff Software Engineer, AI/ML, Google Cloud AI",Google,"Sunnyvale, CA, USA",Advanced
"Senior Software Engineering Manager, Workspace Acquisition and Onboarding",Google,"Sunnyvale, CA, USA",Advanced
"Part-Time Software Engineering PhD Intern, 2027",Google,"Tel Aviv, Israel",Intern & Apprentice
"Strategic Negotiator, Energy Market Development, Iowa Lead",Google,"San Francisco, CA, USA",Advanced
"Senior Silicon Design Verification Engineer, YouTube Video Accelerators",YouTube,"Mountain View, CA, USA",Mid
"Senior Product Data Scientist, ML Resource Efficiency",Google,"Sunnyvale, CA, USA",Mid
Controls Technician II,Google,"Groningen, Netherlands",Early
"Group Product Manager, Google Commerce, Consumer Shopping",Google,"Mountain View, CA, USA",Advanced
Systems Development Engineer,Google,"Hyderabad, Telangana, India",Early
"Technical Program Manager, Data Center Network Infrastructure Construction",Google,"Lancaster, TX, USA",Mid
"Senior Software Engineer, Google XR, Gaming",Google,"San Francisco, CA, USA",Mid
"Head of Industry, Programmatic, Telecom",Google,"Los Angeles, CA, USA",Advanced
"Technical Program Manager III, AI Agents Development, Cloud Infrastructure",Google,"Reston, VA, USA",Mid
"Product Design Engineer, Pixel Hardware",Google,"Mountain View, CA, USA",Mid
"Program Manager, Climate Operations",Google,"Gurugram, Haryana, India",Advanced
"Senior Director, Infrastructure and Sovereign Environments, SRE, Google Cloud",Google,"Sunnyvale, CA, USA",Director+
"Senior Technical Program Manager, Search Content Platforms",Google,"Mountain View, CA, USA",Advanced
"Information Security Engineer, Early Career, Product Security",Google,Singapore,Early
"Strategic Negotiator, Data Center Site Acquisition and Development",Google,"New York, NY, USA",Mid
"Industry Manager, E-Commerce and Consumer Services, Large Customer Sales (English, Japanese)",Google,"Tokyo, Japan",Mid
"Senior Hardware System Engineer, Home and Health",Google,"New Taipei, Banqiao District, New Taipei City, Taiwan",Mid
"Forward Deployed Engineering Manager, GenAI, (Mandarin, English)",Google,Singapore,Advanced
"Multimedia Design Verification Lead, Silicon",Google,"San Diego, CA, USA",Advanced
Product Deployment Engineer,Google,"Hyderabad, Telangana, India",Mid
"Senior Accountant, Controllership, Finance",Google,Singapore,Mid
"Senior Video Activation Specialist, Media and Performance (Portuguese, English)",Google,"São Paulo, Brazil",Advanced
"Staff Software Engineer, Data Engineering, Cloud AI",Google,"Sunnyvale, CA, USA",Advanced
"Head of Global Network Acquisition, South Asia",Google,Singapore,Advanced
"Product Design Developer, Hardware",Google,"Waterloo, ON, Canada",Mid
"Financial Analyst, Google One, AI Partnership Finance",Google,"Mountain View, CA, USA",Mid
"Staff Software Engineer, AI Interactions for Android XR",Google,"San Jose, CA, USA",Advanced
"Customer Engineer, AI Infrastructure, Google Public Sector",Google,"Reston, VA, USA",Advanced
"Practice Customer Engineer, Workspace, Google Cloud",Google,Hong Kong,Mid
"Senior Product Design Engineer, Pixel Accessories",Google,"New Taipei, Banqiao District, New Taipei City, Taiwan",Mid
"Business Development Manager, New Business Sales (English, Mandarin)",Google,"Shenzhen, Guangdong Province, China",Early
"Technical Program Manager II, Charging, Pixel",Google,"Mountain View, CA, USA",Mid
"Communications and Public Affairs Manager, Global Communications and Public Affairs (English, Thai)",Google,"Bangkok, Thailand",Mid
"Senior UX Designer, YouTube Creators Monetization",YouTube,"Zürich, Switzerland",Mid
"Senior Facilities Technician, Electrical",Google,"Saint-Ghislain, Belgium",Early
"Product Manager, Advanced Enterprise Data Platform",Google,"Hyderabad, Telangana, India",Mid
"UX Designer, Search Ads 360",Google,"Mountain View, CA, USA",Early
"Software Engineering Manager II, Full Stack, Google Cloud",Google,"Kirkland, WA, USA",Advanced
"Research Scientist PhD Intern, 2027",Google,"London, UK",Intern & Apprentice
"Senior Network Engineer, Google Enterprise Network",Google,"Austin, TX, USA",Mid
"Product Marketing Manager, Japan Marketing (Fixed-Term Contract) (English, Japanese)",Google,"Tokyo, Japan",Mid
"Staff Software Engineer, Google Cloud AI",Google,"Sunnyvale, CA, USA",Advanced
"Campaigns Marketing Manager, Google Cloud, LATAM",Google,"São Paulo, State of São Paulo, Brazil",Mid
"Senior SerDes Characterization Engineer, Platforms",Google,"Sunnyvale, CA, USA",Mid
Policy Development Lead,Google,"San Bruno, CA, USA",Mid
"Senior Software Engineer, Engineering Productivity, Core Developer",Google,"San Jose, CA, USA",Mid
"Software Engineering Intern, BS, Summer 2027",Google,"Mountain View, CA, USA",Intern & Apprentice
"Growth Manager, EMEA AppDev GCS (Russian)",Google,"Dublin, Ireland",Mid
"Senior Software Engineer, Cloud and Third Party Platform Security",Google,Singapore,Mid
"Agentic Data Cloud Sales Specialist III, Google Cloud",Google,"San Francisco, CA, USA",Advanced
"Product Manager, Search Ads in AI Experiences",Google,"Mountain View, CA, USA",Advanced
Data Center Mechanical Engineer,Google,Finland,Mid
"Senior Software Engineer, AI/ML Merchant Shopping",Google,"Mountain View, CA, USA",Mid
"Senior Product Quality Engineer, Opto-Mechanical Modules, XR",Google,"Fremont, CA, USA",Mid
"Security Tooling Specialist, GSRS Security Systems and Technology",Google,"Boulder, CO, USA",Mid
Test Technical Program Manager,Google,"Hanoi, Ha Noi, Vietnam",Mid
"Senior ASIC Design Verification Engineer, Google Cloud",Google,"Sunnyvale, CA, USA",Mid
"Senior Staff Software Engineer, Audio Systems, XR",Google,"San Jose, CA, USA",Advanced
"Technical Program Manager III, Capacity Planning, Technical Infrastructure",Google,"Sunnyvale, CA, USA",Mid
"Workspace Sales Specialist, Google Cloud (Fixed-Term Contract) (English, Dutch/French)",Google,"Amsterdam, Netherlands",Mid
Partner Data Operations Manager,Google,"Chicago, IL, USA",Mid
"Product Manager, Search, AI-Native Product Development",Google,"Mountain View, CA, USA",Mid
"Product Marketing Manager, US Google Customer Solutions Go-To-Market",Google,"San Francisco, CA, USA",Mid
"Senior Software Engineer, AI/ML System Infrastructure",Google,"Sunnyvale, CA, USA",Mid
"Principal Engineer, Hybrid Cloud Environment",Google,"San Jose, CA, USA",Director+
"Supply Chain Program Manager, Google Distributed Cloud",Google,"Bengaluru, Karnataka, India",Mid
"Software Engineer, Persistent Disk, PhD, Early Career, 2026",Google,"Bengaluru, Karnataka, India",Mid
"Research Scientist, Social Simulation and Agents, DeepMind",DeepMind,"San Francisco, CA, USA",
"Customer Engineer, Google Workspace and Gemini Enterprise",Google,"Mexico City, CDMX, Mexico",Advanced
"Trading and Strategy Manager, Google Store, EMEA",Google,"London, UK",Mid
"Research Engineer, Gemini Omni, DeepMind",DeepMind,"London, UK",
"Software Engineer III, Full Stack, Chronicle, Google Cloud",Google,"Ramat Gan, Israel",Mid
"Customer Engineer, Advanced Technology, Google Cloud, Gaming",Google,"Beijing, China",Mid
Revenue Platforms Integrations Lead,Google,"Chicago, IL, USA",Mid
"Senior Account Executive, Mid-Market Sales, Google Customer Solutions",Google,"San Francisco, CA, USA",Mid
"Marketing Analyst, Ads Marketing, EMEA",Google,"Warsaw, Poland",Early
"Silicon DFT Engineer, PhD, Google Cloud",Google,"Bengaluru, Karnataka, India",Mid
"Senior Incident Response Consultant, Mandiant, Google Cloud",Google,"Texas, USA",Mid
"Product Manager Lead, AI Hardware, Google Distributed Cloud",Google,"Sunnyvale, CA, USA",Advanced
"Staff Software Engineer, Applied AI Engineering",Google,"Sunnyvale, CA, USA",Advanced
"Program Manager II, Privacy, Safety and Security, Core Systems",Google,"New York, NY, USA",Mid
"Account Executive, Mid-Market Sales, Google Customer Solutions",Google,"Bangkok, Thailand",Mid
"Lead Accountant (English, Spanish)",Google,"Mexico City, CDMX, Mexico",Mid
"Data Center Site Negotiator, Acquisition and Development",Google,"Sunnyvale, CA, USA",Mid
"Systems Development Engineer, Engineering Labs",Google,"Sunnyvale, CA, USA",Mid
"Software Engineer, ML Accelerators, DeepMind",DeepMind,"Mountain View, CA, USA",
"Strategic Partner Development Principal Lead, Payments (German, English)",Google,"Zürich, Switzerland",Advanced
"Software Engineer, AI/Machine Learning,  PhD, Early Career, 2027 Start",Google,"Sunnyvale, CA, USA",Mid
"Tech Lead, TPU AI Infrastructure",Google,"Sunnyvale, CA, USA",Advanced
"Software Engineer III, AI/ML GenAI, Google Ads",Google,"Los Angeles, CA, USA",Mid
"AI and Knowledge Strategist, Google Ads",Google,"Hyderabad, Telangana, India",Mid
"Software Engineer III, AI/ML, Platforms and Devices",Google,"Mountain View, CA, USA",Mid
"Software Engineer III, Cloud AI",Google,"Warsaw, Poland",Mid
"Software Engineer, Google Ads Team",Google,Singapore,Early
"Offensive Security Consultant, Google Cloud, Mandiant Consulting",Google,Singapore,Mid
"Staff Software Engineer, Gemini Enterprise Mobile",Google,"Warsaw, Poland",Advanced
"Field Sales Representative, Retail, Travel, Logistics, Google Cloud",Google,"Frankfurt am Main, Germany",Mid
"Senior Software Engineer, Dependency Tracing",Google,"London, UK",Mid
"Senior Software Engineer, Business Mobile App, Payments",Google,Singapore,Mid
"Strategic Negotiator, Data Center Leasing and Investments",Google,"San Francisco, CA, USA",Mid
"Senior Software Engineer, Embedded Systems/Firmware, Platforms Infrastructure Engineering",Google,"Sunnyvale, CA, USA",Mid
"Global Product Lead, YouTube Ads GTM Monetization and Pricing",YouTube,"New York, NY, USA",Mid
"State and Local Government Manager, Google Cloud",Google,"Washington D.C., DC, USA",Mid
"Staff Software Engineer, Site Reliability Engineering, Cloud Billing",Google,"New York, NY, USA",Advanced
"Forward Deployed Engineer, GenAI, Google Cloud (Korean, English)",Google,Singapore,Mid
"Software Engineer, Embedded Systems/Firmware, Pixel Bootloader",Google,"Mountain View, CA, USA",Mid
Senior CPU RTL Design Engineer,Google,"Mountain View, CA, USA",Mid
"Staff Software Engineer, Infrastructure, Google Cloud AI",Google,"Sunnyvale, CA, USA",Advanced
"Data Center Facilities Technician II, Controls (Dutch)",Google,"Groningen, Netherlands",Early
"Staff Engineer, Youtube Ads Measurement",YouTube,"Bengaluru, Karnataka, India",Advanced
"Staff Software Engineer, Search Intelligence",Google,"Bengaluru, Karnataka, India",Advanced
"Product Manager II, Google Workspace",Google,"New York, NY, USA",Mid
"Mechanical Product Design Engineer, Platforms",Google,"Sunnyvale, CA, USA",Mid
"Music Label Business Development and Partnerships Manager, YouTube (Japanese, English)",YouTube,"Tokyo, Japan",Mid
"Staff Software Engineer, Search Content Platforms",Google,"São Paulo, Brazil",Advanced
"Senior System Performance Engineer, XR",Google,"San Jose, CA, USA",Advanced
"Data Engineer, Google Maps",Google,"Mountain View, CA, USA",Early
"Senior Mechanical Product Design Engineer, Platforms",Google,"Sunnyvale, CA, USA",Mid
"Community Partner Manager, YouTube (Portuguese, English)",YouTube,"São Paulo, Brazil",Early
"Engineering Manager, Site Reliability Engineering",Google,"Sydney NSW, Australia",Advanced
"Strategic Partner Development Senior Associate, Better Together",Google,"Mountain View, CA, USA",Mid
"Adminstrative Business Partner, Global Server Ops",Google,"Sungai Buloh, Selangor, Malaysia",Early
"Staff Software Engineer, Workspace Editors, Docs AI",Google,"New York, NY, USA",Advanced
"Lead Web Solutions Developer, Cloud Support, Tools and Automation (English)",Google,"Waterloo, ON, Canada",Mid
"Senior Analyst, Legal Entity, International Controllership",Google,"Dublin, Ireland",Mid
"Software Engineering Manager, Enterprise Data Platform",Google,"Hyderabad, Telangana, India",Advanced
"Senior Software Engineering Manager, Geo Software Development Acceleration Team",Google,"Seattle, WA, USA",Advanced
"Research Scientist, Robotics RL, DeepMind",DeepMind,"London, UK",
"Industry Head, E-commerce, LCS (Japanese, English)",Google,"Tokyo, Japan",Advanced
"Software Engineer, Android AI",Google,"Mountain View, CA, USA",Mid
"Lead Technical Program Manager, Long Haul Planning",Google,Singapore,Advanced
"Account Strategist, People with Disabilities (English, Portuguese)",Google,"São Paulo, State of São Paulo, Brazil",Early
"Business Development Consultant, New Business Sales (English, Japanese)",Google,"Tokyo, Japan",Early
Administrative Business Partner III,Google,"Mountain View, CA, USA",Mid
"Security Sales Specialist, Google Cloud",Google,"Atlanta, GA, USA",Advanced
"Account Strategist, Engage, Google Customer Solutions (English, Japanese)",Google,"Tokyo, Japan",Early
Data Scientist,Google,"Sunnyvale, CA, USA",Mid
Autofocus and Optical Image Stabilization Control System Architect,Google,"Mountain View, CA, USA",Advanced
"Product Engineering Manager, Compute and Storage",Google,"Sunnyvale, CA, USA",Advanced
"Senior Staff Software Engineer, Google Cloud Business Platform",Google,"Sunnyvale, CA, USA",Advanced
Global Logistics Security and Visibility Program Lead,Google,"Mountain View, CA, USA",Advanced
"Software Engineering Manager, Cloud AI/ML Infrastructure",Google,"Taipei, Taiwan",Advanced
"Technical Program Manager III, Data Center Infrastructure, Technical Infrastructure",Google,"Sunnyvale, CA, USA",Mid
"Group Product Manager, Android and Wear Health Services",Google,"Mountain View, CA, USA",Advanced
Treasury Analyst,Google,"Bengaluru, Karnataka, India",Mid
"Field Sales Representative, Enterprise, ISV, Google Cloud",Google,"New York, NY, USA",Mid
Customer Solutions Engineer,Google,"Hyderabad, Telangana, India",Mid
"Program Schedule Lead, Data Centers",Google,"Sunnyvale, CA, USA",Advanced
"Financial Analyst, Google One and Photos",Google,"Mountain View, CA, USA",Mid
"Technical Program Manager, Global Network Acquisition, Metro Planner",Google,"Dublin, Ireland",Mid
"Senior Data Engineer, gTech Risk",Google,"Chicago, IL, USA",Mid
"Senior Hardware Systems Design Engineer, Platforms Infrastructure",Google,"Sunnyvale, CA, USA",Mid
"Data Center Technician III, Global Server Operations",Google,"Saint-Ghislain, Belgium",Early
"Senior Software Engineer, Infrastructure, Google Cloud Platforms",Google,"New York, NY, USA",Mid
"Product Strategy and Operations Lead, Market Intelligence",Google,"San Francisco, CA, USA",Advanced
"Senior Director, UX, YouTube Emerging Experience and Community",YouTube,"San Bruno, CA, USA",Director+
"Service Delivery Manager, gTech Ads Customer Experience",Google,"Hyderabad, Telangana, India",Mid
"Customer Engineer II, AI Platform, Google Cloud",Google,"Atlanta, GA, USA",Mid
Visual Designer,YouTube,"San Bruno, CA, USA",Mid
"Senior ASIC Design Verification Engineer, Cloud",Google,"Sunnyvale, CA, USA",Mid
"Program Manager III, Category Planning, Devices and Services",Google,"Mountain View, CA, USA",Mid
"Senior Software Engineer, Embedded Systems, Pixel Memory",Google,"Mountain View, CA, USA",Mid
"Data Center Energy Strategic Negotiator, Lease Structuring",Google,"Sunnyvale, CA, USA",Mid
"Engineering Manager, Health and Home Infrastructure",Google,"Los Angeles, CA, USA",Advanced
"Senior System Power Architect, Augmented Reality/Virtual Reality Workloads",Google,"San Diego, CA, USA",Mid
"Senior Software Engineer, Site Reliability Engineering",Google,"Sunnyvale, CA, USA",Mid
"Video and Incentive Specialist, YouTube (Fixed-Term Contract) (English, Italian)",YouTube,"Milan, Metropolitan City of Milan, Italy",Early
Senior CPU Physical Design Engineer,Google,"Austin, TX, USA",Mid
"Head of Industry, Education",Google,"San Francisco, CA, USA",Advanced
"Partner Sales Manager, Japan AWT Business (Japanese)",Google,"Tokyo, Japan",Mid
"Enforcement Detection Analyst, YouTube, Trust and Safety",YouTube,"Hyderabad, Telangana, India",Mid
"Finance Analyst, Financial Planning and Analysis Hub",Google,"Chicago, IL, USA",Mid
"Open Engineering Career Opportunities, CapitalG Portfolio Companies",Google,"Mountain View, CA, USA",Intern & Apprentice
"Technical Program Manager, ICT Fiber Design Engineering",Google,"London, UK",Mid
"Software Engineering Manager, YouTube Live",YouTube,"Bengaluru, Karnataka, India",Advanced
"Product Manager II, Security &amp; Privacy, Google Cloud",Google,"Cambridge, MA, USA",Mid
"Head of Measurement, APAC Product Go-To-Market",Google,Singapore,Advanced
"Engineering Analyst, Trust and Safety Payments",Google,"Sunnyvale, CA, USA",Mid
"RTL Design Engineer, TPU Compute",Google,"Sunnyvale, CA, USA",Mid
"Technical Program Manager III, Infrastructure Engineering, Core",Google,"Sunnyvale, CA, USA",Mid
"Forward Deployed Engineer, Gen AI, Google Cloud (English, Portuguese)",Google,"São Paulo, Brazil",Mid
"Program Manager II, Infrastructure Engineering, Google Cloud",Google,"Sunnyvale, CA, USA",Mid
"Software Engineering Manager II, Site Reliability Engineering, Infra Bigtable SRE",Google,"New York, NY, USA",Advanced
"Field Sales Representative, Information Technology, ITES, Google Cloud",Google,"Gurgaon, Haryana, India",Advanced
"ATE Test Infrastructure Engineer, Google Cloud",Google,"Sunnyvale, CA, USA",Mid
"Forward Deployed Engineer Manager, Applied AI, Google Cloud",Google,"San Francisco, CA, USA",Advanced
Staff Software Engineer,Google,"Bengaluru, Karnataka, India",Advanced
"Strategic Partner Development Lead, Flow Enterprise",Google,"Los Angeles, CA, USA",Mid
"Open Career Opportunities, Verily Life Sciences",Verily Life Sciences,"South San Francisco, CA, USA",
"Senior Staff Forward Deployed Engineer, GenAI, Google Cloud",Google,Singapore,Advanced
"Chief of Staff, YouTube",YouTube,"San Bruno, CA, USA",Advanced
"Senior Software Engineer, AI/ML, Search Personalization",Google,"Mountain View, CA, USA",Mid
"Senior Software Engineer, Recommendations, Rankings, Predictions, Search Discover",Google,"Mountain View, CA, USA",Mid
"Security Customer Engineer, Google Cloud (English, Korean)",Google,"Seoul, South Korea",Advanced
"Technical Program Manager, Google Cloud Platform Reliability",Google,"Dublin, Ireland",Mid
"Leadership Technical Program Manager, Pixel Phone SW",Google,"Mountain View, CA, USA",Advanced
Data Center Technician II,Google,"Tel Aviv, Israel",Early
"Software Engineer, Trust and Safety, Technology and Innovation Engineering",Google,"Kirkland, WA, USA",Mid
"Security Engineer, Third Party Security Diligence",Google,Singapore,Mid
"Software Engineer III, AI/ML Engineer",Google,"San Jose, CA, USA",Mid
"Senior Technical Sales Consultant, Infrastructure Modernization, Google Cloud (Japanese, English)",Google,"Tokyo, Japan",Advanced
"Program Manager, Environmental Health and Safety, Data Centers (Japanese, English)",Google,"Inzai, Chiba, Japan",Mid
Data Center Mechanical Engineer,Google,France,Mid
"Program Manager III, Mechanical Spares Sourcing, Google Cloud",Google,"Kirkland, WA, USA",Mid
"Staff Software Engineer, Rollouts Sequencing",Google,"Dublin, Ireland",Advanced
"Software Engineer III, AI/ML, Google Play",Google,"San Jose, CA, USA",Mid
"Account Strategist, Engage, Google Customer Solutions (Urdu, English)",Google,Singapore,Early
"Staff Software Engineer, Google One Security Development",Google,"Bengaluru, Karnataka, India",Advanced
"Forward Deployed Engineer IV, Applied AI, Google Cloud",Google,"San Francisco, CA, USA",Advanced
"AI Sales Specialist, US North, Google Cloud",Google,"New York, NY, USA",Advanced
"UX Designer, YouTube Live Creator Tools and Monetization",YouTube,"San Bruno, CA, USA",Mid
"Senior SoC Test Engineer, Google Cloud",Google,"Tel Aviv, Israel",Mid
"Technical Program Manager II, Compute Resource Planning, Google Research",Google,"Mountain View, CA, USA",Mid
"Senior RTL Design Engineer, TPU",Google,"Sunnyvale, CA, USA",Mid
"Group Product Manager, High Performance Computing, Inbound, AI and Computing Infrastructure",Google,"Sunnyvale, CA, USA",Advanced
"Data Center Facilities Technician, Mechanical",Google,"Kronstorf, Austria",Early
"Staff Software Engineer, Google Cloud Storage, AI/ML",Google,"Tel Aviv, Israel",Advanced
"Data Center Plant Engineer, Controls",Google,"Haskell, TX, USA",Mid
"Analytical Lead, Music, YouTube",YouTube,"San Bruno, CA, USA",Mid
"CPU Design Verification Engineer, Google Cloud",Google,"Tel Aviv, Israel",Mid
Head of Product Deployment Engineering,Google,"Hyderabad, Telangana, India",Advanced
"AI Customer Engineer, Public Sector, Google Cloud",Google,"Gurugram, Haryana, India",Mid
Battery Cell Engineer,Google,"Mountain View, CA, USA",Mid
"Technical Program Manager II, AI Tools and Design, Android Auto",Google,"Kirkland, WA, USA",Mid
Mixed-Methods UX Researcher,Google,"San Bruno, CA, USA",Mid
Quản lý chương trình vận hành (dự án sản xuất thiết bị điện tử),Google,"Hanoi, Vietnam",Advanced
"Staff Software Engineer, Google Cloud Compute",Google,"Sunnyvale, CA, USA",Advanced
"Global Commodity Manager, Board Mounted Power Modules, Infrastructure Supply Chain and Manufacturing Operations",Google,"Sunnyvale, CA, USA",Mid
"Associate, Corporate Counsel, Ethics and Business Integrity",Google,"Austin, TX, USA",Advanced
"Software Engineering Manager II, Site Reliability Engineering, AI Foundry SRE",Google,"San Jose, CA, USA",Advanced
"Customer Engineer, Advanced Technology, Google Cloud",Google,"Shenzhen, Guangdong Province, China",Mid
"Product Marketing Manager, Core and Artist, YouTube Marketing",YouTube,"San Bruno, CA, USA",Mid
"Cyber Security Auditor, Internal Audit",Google,"Chicago, IL, USA",Mid
APAC Controllership Accountant,Google,Singapore,Mid
"Partner Delivery Manager, gTech Ads Agency and Partners",Google,Singapore,Advanced
"Data Center Facilities Manager (English, Bahasa)",Google,"Kuala Lumpur, Federal Territory of Kuala Lumpur, Malaysia",Mid
"Device Backend Technician, Quantum AI",Google,"Goleta, CA, USA",Early
"Director, UX, Android Auto",Google,"San Francisco, CA, USA",Director+
"Software Engineer III, Infrastructure, Google Cloud Security and Privacy",Google,"San Francisco, CA, USA",Mid
"Consumer Insights Lead, Subscriptions, Devices and Services",Google,"Mountain View, CA, USA",Advanced
"Senior Strategy and Operations Manager, Global Ads and Commerce Marketing",Google,"Mountain View, CA, USA",Advanced
"Senior Software Engineer, AI/ML, Core",Google,"San Jose, CA, USA",Mid
DDR Validation Engineer,Google,"Haifa, Israel",Mid
"DV360 Sales Manager, Northern Europe LCS",Google,"Dublin, Ireland",Advanced
"Research Scientist, Safety Oversight, DeepMind",DeepMind,"Mountain View, CA, USA",
"Software Engineer III, Infrastructure",Google,"Dublin, Ireland",Mid
"Data Center Operations Facilities Manager (English, Bahasa)",Google,"Port Dickson, Negeri Sembilan, Malaysia",Mid
"Technical Program Manager II, Data Center Infrastructure, YouTube",YouTube,"Mountain View, CA, USA",Mid
"Field Sales Representative, Federal Financials Public Sector",Google,"Reston, VA, USA",Advanced
"Software Engineering PhD Intern, Summer 2027",Google,"Bengaluru, Karnataka, India",Intern & Apprentice
"Field Sales Representative, Enterprise, Google Cloud",Google,"Melbourne VIC, Australia",Advanced
"Data Center Operations Manager, Third Party Data Centers",Google,"Amarillo, TX, USA",Advanced
"Strategic Partner Development Senior Associate, Global Ads",Google,"San Francisco, CA, USA",Mid
"Tech Lead, Software Engineering, People with Disabilities",Google,"São Paulo, State of São Paulo, Brazil",Advanced
"Senior SoC Design Verification Engineer, Google Cloud",Google,"Tel Aviv, Israel",Mid
"Staff Software Engineer, Machine Modeling and Infrastructure Lead",Google,"Sunnyvale, CA, USA",Advanced
"Software Engineer III, Embedded Systems/Firmware",Google,"Bengaluru, Karnataka, India",Mid
"Analyst, Trust and Safety",Google,"New York, NY, USA",Mid
"Senior Staff Software Engineer, Google Cloud AI",Google,"Sunnyvale, CA, USA",Advanced
"Senior Software Engineer, AI/ML, Geo Perception",Google,"Mountain View, CA, USA",Mid
"Software Engineer III, Infrastructure, Core",Google,"Pittsburgh, PA, USA",Mid
Technical Program Manager III,Google,"Warsaw, Poland",Mid
"Energy Strategic Negotiator, Power Generation Solutions",Google,"San Francisco, CA, USA",Mid
"Regional Product Lead, Measurement, EMEA GTM",Google,"London, UK",Mid
"Data Center Technician II, Operations Engineering",Google,"Stillwater, OK, USA",Early
"Account Executive, SMB, Google Cloud (Thai)",Google,Singapore,Mid
"Staff Software Engineer, Site Reliability Engineering, Vertex AI",Google,"Warsaw, Poland",Advanced
"RF Hardware Engineer, Google Pixel",Google,"Mountain View, CA, USA",Mid
"Software Engineer, Rapid Prototyping New Pixel Software Products",Google,"Cambridge, MA, USA",Mid
"Technical Program Manager, RL Scaling, DeepMind",DeepMind,"Mountain View, CA, USA",
"AI Outcome Customer Engineer, Forward Deployed Engineering",Google,"Chicago, IL, USA",Advanced
"Senior Silicon Electrical Validation Engineer, Google Cloud",Google,"Bengaluru, Karnataka, India",Mid
"Software Engineer, PhD, Early Careers, Google Cloud",Google,"Taipei, Taiwan",Mid
"Senior Marketing Manager Lead, SGC, Global Ads Marketing",Google,"Gurugram, Haryana, India",Advanced
"Head of HR, Poland, Googler Experience, EMEA",Google,"Warsaw, Poland",Advanced
"Group Product Manager, Search Content Platform",Google,"Zürich, Switzerland",Advanced
"Communications Manager, State and Local",Google,"Mountain View, CA, USA",Mid
"Strategic Cloud Engineer, Security, Google Cloud Consulting",Google,Singapore,Mid
"Senior Data Center Engineer, Electrical Engineering",Google,"Hyderabad, Telangana, India",Mid
"Solution Architect III, Platform, Google Cloud",Google,"Toronto, ON, Canada",Advanced
"Software Engineer III, Context Intelligence, Knowledge Catalog",Google,"Warsaw, Poland",Mid
Business Operations and Planning Manager,Google,"Chicago, IL, USA",Mid
"GSRA Risk Mitigation Specialist, APAC",Google,Singapore,Advanced
"Agentic Data Cloud Sales Specialist, Google Cloud (Japanese)",Google,"Tokyo, Japan",Advanced
"Research Engineer, Generative Media, DeepMind",DeepMind,"Tel Aviv, Israel",
CPU Physical Design Engineer,Google,"New Taipei, Banqiao District, New Taipei City, Taiwan",Mid
"Customer Engineer, Federal, Google Public Sector",Google,"Reston, VA, USA",Advanced
"Senior Software Engineer, Context Engineering, Fuchsia",Google,"San Francisco, CA, USA",Mid
"Staff Research Engineer, Applied AI, DeepMind",DeepMind,"Mountain View, CA, USA",
"Senior Software Developer, Ads Safety Enablement and Prevention",Google,"Waterloo, ON, Canada",Mid
"Senior Staff Engineer, YouTube Shorts Ranking, Core Modeling",YouTube,"Mountain View, CA, USA",Advanced
"Commercial Manager, LATAM Deal Pursuit Organization (English, Portuguese)",Google,"São Paulo, Brazil",Mid
Hardware Engineer,Google,"Mountain View, CA, USA",Mid
"Senior Design Verification CAD Engineer, Silicon, Google Cloud",Google,"Sunnyvale, CA, USA",Mid
"Accelerated Growth Consultant, Google Customer Solutions (Swedish Market)",Google,"Dublin, Ireland",Early
"Software Engineer, Hardware Accelerators Performance, GeminiApp, DeepMind",DeepMind,"Mountain View, CA, USA",
"Silicon Engineer- P and D- (gCPU), Design Verification (multiple openings)",Google,"Portland, OR, USA",Mid
"Technical Operations Manager, Third Party Data Centers (English)",Google,"Seoul, South Korea",Mid
Strategic Local Account Executive,Google,"Sunnyvale, CA, USA",Advanced
"Japan GTM Strategy and Planning Lead, Google Cloud (Japanese, English)",Google,"Tokyo, Japan",Mid
"Software Engineer III, Google Meet Web Experiences",Google,"Stockholm, Sweden",Mid
"Senior Product Marketing Manager, Developer Technical Content, Cloud Product Marketing",Google,"New York, NY, USA",Advanced
"Staff Software Engineer, AI/ML, Google Cloud",Google,"New York, NY, USA",Advanced
"Technical Operations Manager, Third Party Data Centers",Google,"Amarillo, TX, USA",Mid
"Software Engineering Manager, AI/ML, Google Home Conversational Experiences",Google,"Mountain View, CA, USA",Advanced
"Forward Deployed Engineer IV, GenAI, Public Sector",Google,"Reston, VA, USA",Advanced
"Manager, Data Center Network Delivery, DCNet Capacity Delivery",Google,"Atlanta, GA, USA",Advanced
"Program Manager I, Computerized Maintenance Management System Planner, Google Cloud",Google,"Papillion, NE, USA",Early
"Field Sales Representative, Higher Education, Public Sector",Google,"Los Angeles, CA, USA",Advanced
Senior Workforce Strategy and Capacity Planning Lead,Google,"Austin, TX, USA",Advanced
"Software Engineer III, Infrastructure, Geo",Google,"New York, NY, USA",Mid
"DV360 Specialist, Google Customer Solutions, DACH (English, German)",Google,"Dublin, Ireland",Mid
"Senior Staff Site Reliability Engineer, AViD, YouTube Ads",YouTube,"Mountain View, CA, USA",Advanced
"Design Verification Lead, Google Cloud",Google,"Bengaluru, Karnataka, India",Advanced
Senior ASIC Cloud Design Verification Engineer,Google,"Sunnyvale, CA, USA",Mid
Software Test Engineer,Google,"Mountain View, CA, USA",Mid
"Senior UX Researcher, Hardware XR",Google,"San Jose, CA, USA",Mid
"Staff Data Scientist, Product",Google,"Kirkland, WA, USA",Advanced
"Senior SOC and IP Design Engineer, Google Cloud",Google,"Tel Aviv, Israel",Mid
"Product Deployment Engineer, gTech",Google,"Hyderabad, Telangana, India",Mid
Staff Signal Integrity Engineer,Google,"Haifa, Israel",Advanced
"Senior Data Scientist, Research, Reliability Analytics",Google,"London, UK",Mid
"Staff Software Engineer (AI/ML), Security/Privacy",Google,"Málaga, Spain",Advanced
"Staff Research Data Scientist, Search Ads Metrics",Google,"Mountain View, CA, USA",Advanced
"Partner Solution Architect, Regional System Integrators and Strategic Partners",Google,"London, UK",Advanced
"Staff Industrial Designer, Audio Wearables, Devices and Services",Google,"Mountain View, CA, USA",Advanced
Silicon Validation Engineer,Google,"Tel Aviv, Israel",Mid
"Community Development Manager, Strategic Partnership Office",Google,"Henderson, NV, USA",Advanced
"Senior Incident Response Security Consultant, Mandiant, Google Cloud (Hebrew)",Google,Israel,Mid
"Senior Manager, Operations and Supply Chain",Google,"Dallas, TX, USA",Advanced
"AI Sales Specialist II, Google Cloud",Google,"Paris, France",Mid
"Web Solutions Engineer, India YouTube Support Systems",YouTube,"Bengaluru, Karnataka, India",Mid
"Quantitative UX Researcher, Customer Engagement",Google,"Mountain View, CA, USA",Mid
"Account Strategist, SBS Engage, Google Customer Solutions, Market: Baltics",Google,"Dublin, Ireland",Early
"Practice Customer Engineer, SLED Security, Google Public Sector",Google,"Reston, VA, USA",Advanced
Senior CPU Architecture and Performance Architect,Google,"Mountain View, CA, USA",Advanced
"Staff Software Engineer, ML Frameworks",Google,"Sunnyvale, CA, USA",Advanced
"Senior Design Verification Engineer, Silicon, Google Cloud",Google,"Bengaluru, Karnataka, India",Mid
"Product Deployment Engineer, Retail, Search+, gTech",Google,"New York, NY, USA",Mid
Head of Energy Risk Management and Grid Modeling,Google,"San Francisco, CA, USA",Advanced
"Senior Software Engineer, Infrastructure Cluster Management",Google,"Warsaw, Poland",Mid
"Senior Software Engineer, Embedded Systems, Firmware, Android XR",Google,"San Jose, CA, USA",Mid
CPU DFT Engineer,Google,"Austin, TX, USA",Mid
"Customer Engineer, Data Analytics (Japanese)",Google,"Tokyo, Japan",Mid
"Customer Engineer, Platform, Google Cloud",Google,"Cambridge, MA, USA",Advanced
"Innovation and Transformation Lead, Google Cloud (English, Japanese)",Google,"Tokyo, Japan",Advanced
"Customer Engineer IV, Platform, FinServ, Google Cloud",Google,"New York, NY, USA",Advanced
"Strategy and Operations Lead, gUP Spend Planning",Google,"New York, NY, USA",Mid
"SoC Power Architect, Google Cloud, Silicon",Google,"Tel Aviv, Israel",Advanced
"Viewer Growth Team Lead, Product Strategy and Operations",YouTube,"San Bruno, CA, USA",Advanced
"Technical Account Manager, Google Cloud Consulting",Google,Singapore,Mid
"Research Scientist, Optical Engineering Neutral Atoms, Quantum AI",Google,"Boulder, CO, USA",Mid
"Manager, Data Center Operations",Google,"Hamina, Finland",Mid
"Product Business Development Lead, Android Automotive Partnerships AI",Google,"San Jose, CA, USA",Mid
"Kỹ sư phát triển nhà cung cấp, Mặt kính trước và lớp phủ (tiếng Anh)",Google,"Hanoi, Vietnam",Mid
"Software Engineering Manager, Gmail Security and Safety",Google,"Sunnyvale, CA, USA",Advanced
"Student Researcher, BS/MS, Fall 2026",Google,"Waterloo, ON, Canada",Intern & Apprentice
"Software Engineer III, Generative AI, Core",Google,"San Jose, CA, USA",Mid
"Technical Program Manager, System Integration, Quantum AI",Google,"Goleta, CA, USA",Advanced
"Senior Product Manager, AI Enablement and Infrastructure",Google,"Mountain View, CA, USA",Advanced
"UX Engineer, Disco, Chrome AI Innovation",Google,"Seattle, WA, USA",Mid
"Lead Cyber Analyst, Threat Intelligence, Mandiant (Bahasa Indonesia)",Google,Indonesia,Mid
"Student Researcher, BS/MS, Winter-Summer 2027",Google,"Mountain View, CA, USA",Intern & Apprentice
"Senior Software Engineer, Mobile (iOS), YouTube",YouTube,"San Bruno, CA, USA",Mid
Technical Program Manager,Google,"Atlanta, GA, USA",Mid
Data Center Technician (Day or Swing Shift),Google,"Sparks, NV, USA",Early
"Data Center Facilities Technician, Controls",Google,Singapore,Mid
"YouTube Solution Expert, gTech Ads (Hebrew, English)",YouTube,"Wrocław, Poland",Mid
"Accelerated Growth Consultant, Google Customer Solutions, Italy (English, Italian)",Google,"Dublin, Ireland",Mid
"Audio to Audio Research Scientist, DeepMind",DeepMind,"Mountain View, CA, USA",
"Research Scientist, Gemini Horizon, DeepMind",DeepMind,"Mountain View, CA, USA",
"Software Engineer, TPU Compiler, PhD, Early Careers",Google,"London, UK",Mid
"Senior Intelligence Consultant, Advanced Intelligence Access",Google,Riyadh Saudi Arabia,Mid
"Strategic Partner Manager, Media Companies, Large Partners, YouTube",YouTube,"Mumbai, Maharashtra, India",Mid
"Silicon Circuit Digital Design Engineer, Cloud Silicon",Google,"Bengaluru, Karnataka, India",Mid
"Group Product Manager, Applied AI, Generative Media and Entertainment, DeepMind",DeepMind,"Mountain View, CA, USA",
People Consultant,Google,"Gurugram, Haryana, India",Mid
"Research Engineer, Gemini Code Post-training, DeepMind",DeepMind,"Mountain View, CA, USA",
"Manager, Technical Solutions, Cloud Applied AI",Google,"Waterloo, ON, Canada",Advanced
"Technical Program Manager, Construction and Infrastructure",Google,Denmark,Mid
"Employment Counsel, APAC",Google,"Tokyo, Japan",Advanced
"Senior Software Engineering Manager, Google Cloud",Google,"Bengaluru, Karnataka, India",Advanced
"Search Solutions Expert (English, Mandarin)",Google,"Taipei, Taiwan",Mid
"Research Data Scientist, Search Ads, Google Experience",Google,"New York, NY, USA",Mid
Youtube Content Acquisition Cost Accountant,Google,"Sunnyvale, CA, USA",Mid
"Program Manager II, Manufacturing Operations, Cloud Supply Chain",Google,"Sunnyvale, CA, USA",Mid
"Software Engineer, Brownout Mitigation, Pixel",Google,"New Taipei, Banqiao District, New Taipei City, Taiwan",Mid
Manufacturing Test Development Engineer,Google,"Sunnyvale, CA, USA",Mid
"Account Executive, Commerce, MMS",Google,"Toronto, ON, Canada",Mid
"Senior Research Engineer, ML Lead, Health Frontiers",Google,"London, UK",Mid
"Senior Staff Software Engineer, Pixel Audio Experiences",Google,"Mountain View, CA, USA",Advanced
"Product Manager I, Google Media, Display and Video 360",Google,"New York, NY, USA",Mid
"Staff Software Engineer, Enterprise Sales Systems Architecture, Google Cloud Business Platform Transact",Google,"Sunnyvale, CA, USA",Advanced
"Lead Group Product Manager, Google Store Commerce Experience",Google,"Mountain View, CA, USA",Advanced
"Growth Marketing Manager, Ads Marketing and Commerce",Google,"Mountain View, CA, USA",Mid
"Senior Staff Software Engineer, Ads Enterprise Platform Team",Google,"Kirkland, WA, USA",Advanced
"Manager, Data Center Server Operations",Google,"Kansas City, MO, USA",Mid
"Product Manager II, YouTube Generative AI Security",YouTube,"San Bruno, CA, USA",Mid
"Supportability Technical Lead, AI/ML, Google Cloud",Google,"Austin, TX, USA",Mid
"Global Process Owner, People Experience",Google,"Mountain View, CA, USA",Advanced
"Senior Staff Software Engineer, YouTube Create",YouTube,"Bengaluru, Karnataka, India",Advanced
"Data Center Plant Engineer, Controls",Google,"Monrovia, IN, USA",Mid
"Community Development Manager, Strategic Partnerships Office (Telugu)",Google,"Hyderabad, Telangana, India",Advanced
"Field Marketing Manager, Platforms and Devices Enterprise",Google,"Washington D.C., DC, USA",Mid
Staff Engineering Analyst,Google,"Dublin, Ireland",Advanced
"Software Engineer III, Fuchsia Subsystem and Connectivity",Google,"New Taipei, Banqiao District, New Taipei City, Taiwan",Mid
"Operations Excellence and Innovation Manager, YouTube",YouTube,"New York, NY, USA",Mid
"Commerce Specialist, Large Customer Sales, Southeast Asia",Google,"Jakarta, Indonesia",Mid
"Data Center Technician III, Networking",Google,"Council Bluffs, IA, USA",Early
"Customer Engineer, UK/IE Startups",Google,"London, UK",Advanced
"Senior Staff Epitaxy Process Engineering, Raxium",Google,"Fremont, CA, USA",Advanced
SoC Product Engineer,Google,"New Taipei, Banqiao District, New Taipei City, Taiwan",Mid
"ASIC Design Verification Engineer, TPU Compute",Google,"Sunnyvale, CA, USA",Mid
"Technical Solutions Consultant, gTech Ads Customer Support",Google,"Sunnyvale, CA, USA",Mid
"Product Manager II, UGC Creative Editorial",Google,"Tokyo, Japan",Mid
"Account Strategist, Mid-Market Sales, Google Customer Solutions (Urdu, English)",Google,Singapore,Early
Data Center Server Operations Manager,Google,"Stillwater, OK, USA",Mid
AI Outcome Customer Engineer,Google,Hong Kong,Mid
"Senior Failure Analysis Engineer, Opto-Mechanical Modules",Google,"Fremont, CA, USA",Mid
"Staff Software Engineer, Infrastructure, Network Product Ordering",Google,"Sunnyvale, CA, USA",Advanced
"Software Engineering BS/MS Intern, 2027",Google,"Bucharest, Romania",Intern & Apprentice
"Forward Deployed Engineer, Generative AI, Google Cloud (Spanish, English)",Google,"Bogotá, Bogota, Colombia",Mid
"Product Deployment Engineer, gTech Ads",Google,"New York, NY, USA",Mid
"Software Engineer III, Infrastructure, Google Kubernetes Engine",Google,"Sunnyvale, CA, USA",Mid
"Senior Product Deployment Engineer, gTech Ads",Google,"Sunnyvale, CA, USA",Mid
Data Center Server Operations Manager (2nd Shift),Google,"Stillwater, OK, USA",Mid
"Senior Account Manager, Tech B2B, LCS",Google,"San Francisco, CA, USA",Mid
"Hardware Architecture Modeling Engineer, PhD, University Graduate, 2027 Start",Google,"Sunnyvale, CA, USA",Mid
"Engineering Manager, App Ads",Google,Singapore,Advanced
"Senior Software Engineer, AI/ML GenAI, Google Cloud",Google,"Sunnyvale, CA, USA",Mid
"Product Manager II, Watch Software, Consumer and Developer Communications Experiences",Google,"Mountain View, CA, USA",Mid
"Quản lý ngành hàng chiến lược, Ngành Game, Khối Khách hàng chiến lược (tiếng Anh, tiếng Việt)",Google,"Ho Chi Minh, Vietnam",Mid
"Software Engineer Manager II, Firmware Laptops and Tablets",Google,"Boulder, CO, USA",Advanced
"Data Center Technician II, AI Infrastructure",Google,"Waltham Cross, UK",Early
"Software Engineer, gReach Program for People with Disabilities (残障人士岗位) (English, Mandarin)",Google,"Shanghai, China",Early
"Community Development Manager, Strategic Partnership Office",Google,"Eemshaven, Netherlands",Advanced
"Director, TPM, Delivery Operations, Global Network Delivery",Google,"Sunnyvale, CA, USA",Director+
"Staff Software Engineer, BigQuery Runtime",Google,"Kirkland, WA, USA",Advanced
Vendor Operations Manager,Google,"Sunnyvale, CA, USA",Mid
"Outcome Customer Engineer, GCP, Retail, Google Cloud",Google,"Bengaluru, Karnataka, India",Advanced
"Lead, Risk Assessment and Compliance, gTech Risk",Google,"Chicago, IL, USA",Advanced
"Environmental, Health and Safety Area Manager, EHS Operations",Google,"London, UK",Advanced
"Group Product Manager, Gemini Cloud Assist",Google,"Sunnyvale, CA, USA",Advanced
"Manager, Government Affairs and Public Policy, Economic Policy",Google,"San Francisco, CA, USA",Advanced
"Incident Response Engineer, UK Security Operations, Hampshire",Google,"London, UK",Mid
"Account Manager, Automotive and Consumer Packaged Goods (Fixed-Term Contract)",Google,"Melbourne VIC, Australia",Early
"Policy Lead, Global Policy and Standards, Monetization",Google,"Sunnyvale, CA, USA",Advanced
"Software Engineer, Infrastructure, PhD, Early Career, 2027 Start",Google,"Sunnyvale, CA, USA",Mid
"Software Engineer, PhD, Early Careers, Platform System Software",Google,"Taipei, Taiwan",Mid
"Data Center Facilities Technician, Controls",Google,"Midlothian, TX, USA",Early
"Data Center Facilities Technician, Fire Life Safety",Google,"Muskogee, OK, USA",Early
"Junior SoC IP Design Engineer, Google Cloud",Google,"Tel Aviv, Israel",Early
"Product Solutions Consultant, DV360",Google,"Boulder, CO, USA",Mid
"Technical Program Manager III, NetInfra, Technical Infrastructure Program Management Office",Google,"Sunnyvale, CA, USA",Advanced
"Technical Program Manager II, Cloud Networking, Telecommunications",Google,"Addison, TX, USA",Mid
"Key Account Executive, Telecom, Google Cloud",Google,"Atlanta, GA, USA",Advanced
"Director, Product Management, Google Photos",Google,"Mountain View, CA, USA",Director+
"Technical Program Manager, Technical Training and Strategy Execution",Google,"Sunnyvale, CA, USA",Advanced
Video Strategy Lead,Google,"Toronto, ON, Canada",Mid
"Business Product Manager, Talent Studio",Google,"New York, NY, USA",Advanced
"Senior DFT Design/Micro architect Engineer, Google Cloud",Google,"Bengaluru, Karnataka, India",Mid
"Senior Design Verification Engineer, Multimedia/AI/ML, Silicon",Google,"Mountain View, CA, USA",Mid
"Venture Capital Business Development Executive, Google Cloud",Google,"Sydney NSW, Australia",Advanced
"Software Engineering Manager, Site Reliability Engineering, GCS SRE",Google,"Dublin, Ireland",Advanced
"Software Engineer Manager, Infrastructure",Google,"Sunnyvale, CA, USA",Advanced
"Silicon Test and DFT Engineer, Google Cloud",Google,"Haifa, Israel",Advanced
"Software Engineer III, Infrastructure, Google Cloud Platforms",Google,"Seattle, WA, USA",Mid
"Software Engineering Manager, Business AI Agent",Google,"Mountain View, CA, USA",Advanced
"Software Engineer III, Infrastructure, Spanner",Google,"Sunnyvale, CA, USA",Mid
"ASIC Formal Verification Engineer, Google Cloud",Google,"Sunnyvale, CA, USA",Mid
"Software Engineer III, Knowledge Catalog For AI",Google,"Kirkland, WA, USA",Mid
"Forward Deployed Engineer, State and Local Government, Google Public Sector",Google,"New York, NY, USA",Advanced
"Industry Manager, Retail, LCS",Google,"London, UK",Mid
Head of Semiconductor Manufacturing Planning and Fulfillment,Google,"Zhubei, Zhubei City, Hsinchu County, Taiwan",Advanced
"Staff Software Engineer, Google Cloud CISO",Google,"Sunnyvale, CA, USA",Advanced
"Key Account Executive, Banking and Capital Markets, Google Cloud",Google,"Frankfurt am Main, Germany",Advanced
"Field Sales Manager, Enterprise, Google Cloud (Korean, English)",Google,"Seoul, South Korea",Advanced
"Senior Staff Tech Lead, YouTube Shorts Discovery",YouTube,"Mountain View, CA, USA",Advanced
"Workplace Services Program Lead, Projects",Google,"Sunnyvale, CA, USA",Advanced
"Senior Security Engineer, Enterprise SaaS Security",Google,Singapore,Mid
"Principal Programmatic Account Executive, Financial Services East, Large Customer Sales",Google,"New York, NY, USA",Advanced
"Senior Software Engineer, XR Emulator",Google,"San Jose, CA, USA",Mid
International Non Financial Reporting Analyst,Google,"Dublin, Ireland",Mid
Financial Analyst II,Google,"Mountain View, CA, USA",Mid
"Forward Deployed Engineering Manager, Gen AI, Manufacturing and Conglomerate, Google Cloud",Google,"Mumbai, Maharashtra, India",Advanced
"Product Design Engineering Intern, BS/MS, Summer 2027",Google,"Mountain View, CA, USA",Intern & Apprentice
"Strategic Partner Development Manager, Chrome and Ecosystem Partnerships (English, Mandarin)",Google,"Beijing, China",Mid
"Embedded Systems Engineer, High Speed DSP",Google,"Sunnyvale, CA, USA",Advanced
"Research Scientist, SAMBA, DeepMind",DeepMind,"New York, NY, USA",
"Business Program Manager, gTech Ads Solutions",Google,"Hyderabad, Telangana, India",Mid
"Cloud AI Engineer, Technical Onboarding Center",Google,"Hyderabad, Telangana, India",Mid
"Staff Semiconductor Thin Films Process Engineer, Raxium",Google,"Fremont, CA, USA",Advanced
"Strategic Partner Development Manager, Google Play (English, Mandarin)",Google,"Shanghai, China",Mid
"Executive Communications Manager, Office of the President",Google,"New York, NY, USA",Mid
"Engineering Manager, Capacity Management, Spatial Flex",Google,"Kirkland, WA, USA",Advanced
"Engineering Manager, Google Compute Engine, Google Cloud",Google,"Seattle, WA, USA",Advanced
"Business Intelligence Analyst, Global YouTube Marketing",YouTube,"Mexico City, CDMX, Mexico",Mid
"Field Sales Representative, Manufacturing and Conglomerates, Google Cloud",Google,"Mumbai, Maharashtra, India",Advanced
"Senior Design Engineer, RTL",Google,"Mountain View, CA, USA",Mid
"Analytical Lead, Large Customer Sales, Financial Services",Google,"Chicago, IL, USA",Mid
Camera Electrical Engineer,Google,"Mountain View, CA, USA",Mid
"Product Strategy and Operations Principal, AI2",Google,"Mountain View, CA, USA",Advanced
"Software Engineer, RCS Video, Google Messages",Google,"Kirkland, WA, USA",Mid
"Senior Technical Program Manager, Google Data Centers",Google,"Hyderabad, Telangana, India",Advanced
"Manager, Software Engineer, Site Reliability Engineering",Google,"Houston, TX, USA",Advanced
"Senior Incident Response Security Consultant, Mandiant, Google Cloud",Google,United Kingdom,Mid
Data Center Technician,Google,Hong Kong,Early
"Business Intelligence Developer I, Google Cloud",Google,"Mexico City, CDMX, Mexico",Mid
"Senior Finance Analyst, AI Product Finance, Cloud Finance",Google,"Sunnyvale, CA, USA",Mid
"Administrative Business Partner (German, English)",Google,"Frankfurt, Germany",Early
"Software Engineer, Site Reliability Engineering",Google,"Sunnyvale, CA, USA",Advanced
"Strategic Partner Manager, YouTube Product Partnerships",YouTube,"Mexico City, CDMX, Mexico",Mid
"Customer Engineer, Platform, Google Cloud, Ireland",Google,"Dublin, Ireland",Advanced
"Administrative Business Partner, DeepMind (Fixed-Term Contract)",DeepMind,"London, UK",
"Senior Software Engineer, AI/ML, Google Cloud",Google,"Bengaluru, Karnataka, India",Mid
"Marketing Strategy Manager, Search and Maps",Google,"San Francisco, CA, USA",Mid
"Community Development Manager, Data Center Strategic Partnerships Office",Google,"Kansas, USA",Mid
"SoC Quality and Reliability Engineer, Google Cloud",Google,"Tel Aviv, Israel",Mid
UX Design Strategic Lead,Google,"Munich, Germany",Advanced
"Micro-Architect, Networking, Google Cloud",Google,"Tel Aviv, Israel",Mid
Quản lý chương trình vật liệu bền vững,Google,"Hanoi, Vietnam",Mid
"Executive Engagement Lead, Google Cloud Security",Google,"Reston, VA, USA",Advanced
"Group Outbound Product Manager, Product Launch and Activation",Google,"Sunnyvale, CA, USA",Advanced
"Senior Software Engineer, Agentic Commerce, Scaling, Serving, Latency",Google,"Mountain View, CA, USA",Mid
"Account Strategist, Engage, Google Customer Solutions (English, Bahasa Indonesia)",Google,"Jakarta, Indonesia",Early
Senior EMEA Sales Planning Analyst,Google,"Dublin, Ireland",Mid
"Senior Software Engineer, Infrastructure, Core",Google,"San Jose, CA, USA",Mid
Sourcing Operations Manager,Google,"Chicago, IL, USA",Mid
"Outcome Customer Engineer, Google Cloud (English, Korean)",Google,"Seoul, South Korea",Advanced
"Technical Program Manager III, Infrastructure Capacity Planning, Google Cloud",Google,"New York, NY, USA",Mid
"Customer Engineer, AI, Google Cloud (English, Korean)",Google,"Seoul, South Korea",Mid
"Software Engineer III, Infrastructure, Platforms Infrastructure Engineering",Google,"Sunnyvale, CA, USA",Mid
"Senior Product Manager, YouTube GenAI Responsibility",YouTube,"San Bruno, CA, USA",Advanced
"Staff Software Engineer, Full Stack, Search Content Understanding",Google,"Belo Horizonte, Minas Gerais, Brazil",Advanced
"Software Engineer, PhD, Early Career, 2026",Google,"Hyderabad, Telangana, India",Mid
"Data Center Server Operations Manager, Global Server Operations",Google,"Mumbai, Maharashtra, India",Advanced
"Customer Engineer, Platform, Startups, Google Cloud",Google,"Los Angeles, CA, USA",Mid
"Data Center Technician, North and South America",Google,"Henderson, NV, USA",Early
"Project Management Apprenticeship, February 2027 Start",Google,"New York, NY, USA",Intern & Apprentice
"Staff Software Engineer, AI/ML Recommendations, Rankings, Predictions, YouTube",YouTube,"Mountain View, CA, USA",Advanced
"Partnerships Manager, Global Brand Marketing",Google,"San Francisco, CA, USA",Mid
"Silicon Engineer- P and D- (gCPU), Architect and Performance (multiple openings)",Google,"Portland, OR, USA",Mid
"Forward Deployed Engineer III, Google Cloud, Applied AI",Google,"San Francisco, CA, USA",Mid
"Strategic Negotiator, Global Network Acquisition",Google,Singapore,Mid
"Senior Staff Technical Leader, Google SecOps",Google,"Sunnyvale, CA, USA",Advanced
"Software Engineering Manager, Identity Onboarding",Google,"Kirkland, WA, USA",Advanced
"Media Lead (English, Korean)",Google,"Seoul, South Korea",Mid
"Software Engineer, Search",Google,"Bengaluru, Karnataka, India",Early
"Field Sales Representative, Health and Human Services, Google Public Sector",Google,"California, USA",Advanced
"Field Sales Representative, Enterprise, Google Cloud",Google,"Reston, VA, USA",Advanced
Staff Electrical Engineering Manager,Google,"Mountain View, CA, USA",Advanced
"Dev and AI Infra Software Engineer, Releases, XR",Google,"San Jose, CA, USA",Advanced
Network Engineer,Google,"Sunnyvale, CA, USA",Mid
"Software Engineer III, Infrastructure, Google Cloud Security and Privacy",Google,"Sunnyvale, CA, USA",Mid
"Performance Automation Specialist, Healthcare",Google,"New York, NY, USA",Mid
"Senior Program Manager, Accessories Supply and Demand Management",Google,"San Francisco, CA, USA",Advanced
"Senior Staff Software Engineer, Video Playback, YouTube",YouTube,"San Bruno, CA, USA",Advanced
"National Security Capture Manager, Google Public Sector",Google,"Reston, VA, USA",Advanced
"Strategic Partnerships Development Manager, APAC, Frontier and Applied AI, Education, Research and Co-partnerships",Google,Singapore,Advanced
"Technical Program Manager Lead, Data Center Design",Google,"Atlanta, GA, USA",Advanced
"Technical Program Manager, Enterprise Architecture",Google,"Hyderabad, Telangana, India",Mid
"Administrative Business Partner, gTech Strategy, Operations and Workforce Solutions",Google,"Hyderabad, Telangana, India",Early
"Content Solutions Lead, Large Customer Sales",Google,"London, UK",Mid
"Sales Specialist, Google Maps Platform, Cloud GTM and Scaled Sales",Google,"Austin, TX, USA",Early
"Senior Accountant, Real Estate and Workplace Services",Google,"Chicago, IL, USA",Mid
Data Center Services Construction Campus Lead,Google,"West Virginia, USA",Advanced
"Senior Software Engineer, AI/ML, Agentic Ecosystem",Google,"Belo Horizonte, Minas Gerais, Brazil",Mid
"Technical Program Manager, GTM AI Tech, Google Cloud",Google,"Sunnyvale, CA, USA",Advanced
"Technical Solutions Consultant, gTech Ads Sellside",Google,"New York, NY, USA",Early
"Workspace Sales Specialist, Greenfield, Google Cloud",Google,"Atlanta, GA, USA",Advanced
"Technical Program Manager III, Quality Measurement, Trust and Safety",Google,"Seattle, WA, USA",Mid
"Systems Yield Engineer, Quantum AI",Google,"Goleta, CA, USA",Mid
Business Systems Analyst,Google,"Hyderabad, Telangana, India",Early
"Mobile Software Engineer, Google Pay, Client Infrastructure",Google,Singapore,Mid
"Software Engineer, Early Career, Campus",Google,"Mountain View, CA, USA",Early
"Senior Account Executive, Mid-Market Sales, Google Customer Solutions",Google,"Los Angeles, CA, USA",Mid
"Staff Data Scientist Manager, Search AI Overview",Google,"Mountain View, CA, USA",Advanced
"Social Support Lead, Trust and Safety Compute",Google,"Kirkland, WA, USA",Mid
"Staff Software Engineer, Internet Egress Traffic Engineering",Google,"Sunnyvale, CA, USA",Advanced
"Engineering Manager, Trust Platform Capabilities, Geo",Google,"Bengaluru, Karnataka, India",Advanced
"Product Manager II, Google Ad Manager Video",Google,"New York, NY, USA",Mid
"Engineering Analyst Manager, Ads Fraud and Integrity",Google,"Bengaluru, Karnataka, India",Advanced
"Senior User Experience Researcher, Google Ads",Google,"Hyderabad, Telangana, India",Mid
Government Affairs and Public Policy Manager,Google,"Taguig, Metro Manila, Philippines",Mid
"GenAI Forward Deployed Engineer, Google Cloud (English, Korean)",Google,Singapore,Early
"YouTube Specialist, gTech Ads Solutions SE (German, English)",YouTube,"Warsaw, Poland",Mid
"Customer Engineer III, Platform, Google Cloud",Google,"Addison, TX, USA",Advanced
"Senior Technical Program Manager, AI Outcome Engineering",Google,Singapore,Advanced
"Senior Software Engineer, Infrastructure, YouTube",YouTube,"San Bruno, CA, USA",Mid
"Staff Software Developer, Embedded Systems/Firmware",Google,"Waterloo, ON, Canada",Advanced
"Director of Product Management, Applied AI Enterprise Verticals, DeepMind",DeepMind,"Mountain View, CA, USA",
"Performance Specialist, Search+, Large Customer Sales, Google China (English, Mandarin)",Google,"Beijing, China",Early
"Staff Network Engineer, Google Enterprise Network",Google,"Austin, TX, USA",Advanced
"Senior Financial Analyst, Northern Europe GBO Finance",Google,"London, UK",Mid
"Account Executive, UKI, New Business (English)",Google,"Dublin, Ireland",Early
"Quality Control Manager, gTech",Google,"Gurugram, Haryana, India",Mid
"Software Engineer II, Mobile iOS",Google,"Tel Aviv, Israel",Early
"Software Engineer, GDC AI Applications and Agents",Google,"Sunnyvale, CA, USA",Mid
"Program Manager, Environmental Health and Safety, Data Centers",Google,"Jakarta, Indonesia",Mid
"Technical Solutions Engineer, Google Home (Mandarin, English)",Google,"New Taipei, Banqiao District, New Taipei City, Taiwan",Mid
"Chief of Staff, Google Research",Google,"New York, NY, USA",Advanced
"ASIC Design Verification Manager, TPU Compute",Google,"Sunnyvale, CA, USA",Advanced
"Software Engineer Manager II, Google Cloud Storage",Google,"Seattle, WA, USA",Advanced
"Shopping Product Advisor, Global Policy and Standards",Google,"Atlanta, GA, USA",Advanced
"Product Manager I, UGC Guided Editorial",Google,"Tokyo, Japan",Mid
"Brand Marketing Manager, Educator Social",Google,"New York, NY, USA",Mid
"Customer Engineer, Advanced Technology, Google Cloud, Startup",Google,"Beijing, China",Mid
Data Center Server Operations Site Lead,Google,"Papillion, NE, USA",Advanced
"Technical Program Manager III, Long Haul Planning, Cloud Networking",Google,"Addison, TX, USA",Mid
Software Engineer,Google,"Mountain View, CA, USA",Early
"Content Strategist, gTech Users and Products",Google,"Sunnyvale, CA, USA",Mid
"Data Center Operations Manager, Third Shift",Google,"Kansas City, MO, USA",Mid
"Regional Product Lead, YouTube Influencer Marketing (English, Japanese/Vietnamese)",YouTube,Singapore,Mid
"Motion and Visual Designer, YouTube",YouTube,"Zürich, Switzerland",Mid
"Data Center Maintenance Planner/Scheduler(Onderhoudsplanner) (Dutch, English)",Google,"Eemshaven, Netherlands",Early
"Software Developer Intern, BS, Summer 2027",Google,"Waterloo, ON, Canada",Intern & Apprentice
"Creative Lead, UK Marketing",Google,"London, UK",Advanced
"Technical Operations Manager, Third Party Data Centers (Japanese, English)",Google,"Tokyo, Japan",Mid
"Software Engineering Manager, Payments Platform",Google,"Hyderabad, Telangana, India",Advanced
"Data Center Technician, Google Data Centers",Google,"New Delhi, Delhi, India",Early
"Top Partner Manager, Telco (English, Bahasa Indonesia)",Google,"Jakarta, Indonesia",Mid
"Network Implementation Engineer, Data Center Networking Delivery",Google,"Reston, VA, USA",Mid
EHS Partner Delivery and Offsite Construction Area Manager,Google,"Amarillo, TX, USA",Mid
"Software Engineer III, Platform Engineering and Infrastructure",Google,"Ramat Gan, Israel",Mid
"Senior Software ML Engineer, AI/ML GenAI, Gemini Enterprise",Google,"Sunnyvale, CA, USA",Mid
"Compliance Specialist, Data Protection and Governance",Google,"Austin, TX, USA",Mid
Marketing Science Lead,Google,"Toronto, ON, Canada",Mid
"People Partner, Core AI Foundations",Google,"San Jose, CA, USA",Advanced
"Senior UX Designer, Google Sheets",Google,"New York, NY, USA",Mid
"Gemini Enterprise for Customer Experience Customer Engineer, Google Cloud",Google,"Tokyo, Japan",Mid
"Senior Product Manager, AI Compute Infrastructure",Google,"Sunnyvale, CA, USA",Advanced
International Non Financial Reporting Manager,Google,"Dublin, Ireland",Advanced
"Technical Program Manager II, Software Engineering, Payments",Google,"San Francisco, CA, USA",Mid
"Staff SerDes Characterization Engineer, Platforms",Google,"Sunnyvale, CA, USA",Advanced
"GECX Sales Specialist, Google Cloud, East",Google,"Atlanta, GA, USA",Advanced
"Product Strategy and Operations Lead, AI and Infrastructure",Google,"Sunnyvale, CA, USA",Mid
"Software Engineer III, Full Stack",Google,"Warsaw, Poland",Mid
"Senior Software Engineer, Infrastructure, Cloud New Product Intro and Software Development Tooling",Google,"New York, NY, USA",Mid
"Staff Software Engineer, Pixel Graphics GPU Software",Google,"Mountain View, CA, USA",Advanced
"Senior Software Engineer, AI and Security",Google,Spain,Mid
"Senior Software Developer, Engineering Productivity Platforms and Devices",Google,"San Jose, CA, USA",Mid
"Vice President, Product Management, Core AI Foundations",Google,"San Jose, CA, USA",Director+
"Engineering Manager, Nexus ML, Google Global Fleet",Google,"Seattle, WA, USA",Advanced
"Senior Silicon DFT Engineer, Google Cloud",Google,"Tel Aviv, Israel",Mid
"Staff ML Engineer, Search Ads Auto-Bidding",Google,"New York, NY, USA",Advanced
"Staff Software Engineer, Applied AI, Model Quality",Google,"New York, NY, USA",Advanced
"Staff Full Stack Software Engineer, GKE Agentic Experience",Google,"Warsaw, Poland",Advanced
"Community Development Manager, Strategic Partnership Office",Google,"Kronstorf, Austria",Advanced
"Senior Marketing Manager, AI Go-To-Market, JAPAC",Google,Singapore,Advanced
"Software Engineer III, YouTube, Content ID Claiming",YouTube,"Zürich, Switzerland",Mid
"AI Outcome Customer Engineer, Google Cloud",Google,Singapore,Mid
"Customer Onboarding Strategist, Australia and New Zealand Market (English, Vietnamese)",Google,Singapore,Early
"Software Engineer III, Google Cloud Storage",Google,"Sunnyvale, CA, USA",Mid
"Field Sales Representative, Enterprise Software and AdTech, Google Cloud, DACH (German, English)",Google,"Munich, Germany",Mid
"Head of Lead Gen, Verticals, and Local, gTech Ads",Google,"Sunnyvale, CA, USA",Advanced
"Software Engineer, Android App Security, Content Abuse",Google,Singapore,Mid
"Program Manager III, Spares Planning, Data Center Equipment",Google,"Kirkland, WA, USA",Mid
"Outcome Customer Engineer, Google Cloud Platform Delivery",Google,"Tel Aviv, Israel",Mid
"Software Engineer III, Google Cloud, Google Threat Intelligence",Google,"Málaga, Spain",Mid
"Software Engineering Manager, Ads Marketing Platform, Full Stack",Google,"Irvine, CA, USA",Advanced
"Technical Program Manager, Front-End Planning and Pre-Construction",Google,"London, UK",Mid
"Senior Technical Program Manager, Model Behavior, DeepMind",DeepMind,"Mountain View, CA, USA",
"Technical Program Manager I, Software Engineering, Platforms and Devices",Google,"Mountain View, CA, USA",Early
"Software Engineering Manager II, Infrastructure, Google Cloud Compute",Google,"Kirkland, WA, USA",Advanced
"Customer Onboarding Strategist, Google Customer Solutions (English, Korean)",Google,"Seoul, South Korea",Early
"Senior Software Engineer, AI/ML, Cloud AI",Google,"Warsaw, Poland",Mid
"Group Product Manager, Agentic Code Security",Google,"Sunnyvale, CA, USA",Advanced
"Advanced Interconnect Lead, Quantum AI",Google,"Goleta, CA, USA",Advanced
"Software Engineering, Site Reliability Engineering BS/MS Intern, 2027",Google,"Zürich, Switzerland",Intern & Apprentice
"Staff Software Engineer, Linux Networking",Google,"Sunnyvale, CA, USA",Advanced
IT Infrastructure Engineer (Technicien Systèmes et Réseaux),Google,"Saint-Ghislain, Belgium",Early
"Strategy and Operations Lead, Cloud Security",Google,"Reston, VA, USA",Mid
"Field Sales Representative, Cloud Public Sector (English, Spanish)",Google,"Bogotá, Bogota, Colombia",Mid
"Design Verification Engineer, TPU, Silicon, Google Cloud",Google,"Bengaluru, Karnataka, India",Mid
Senior Software Engineer,Google,"Boulder, CO, USA",Mid
Payments Partner Engineer,Google,"Dublin, Ireland",Mid
"Technical Program Manager, Data Center Construction Cost Estimator",Google,Singapore,Mid
Go-To-Market Public Sector Lead (Japanese),Google,"Tokyo, Japan",Advanced
"Strategic Partner Onboarding and Incubation Specialist, GRCN, Sellside Monetization (Mandarin, English)",Google,"Beijing, China",Early
"Design Verification SoC Lead, Google Cloud",Google,"Tel Aviv, Israel",Advanced
"Customer Developer, Cloud AI, Google Cloud",Google,"Toronto, ON, Canada",Mid
"Product Manager II, Google Wallet Wearables and Access Control",Google,"Mountain View, CA, USA",Mid
Staff Security Engineer Manager,Google,"Sunnyvale, CA, USA",Advanced
Data Center Operations Facilities Manager,Google,"Canberra ACT, Australia",Mid
"Private Equity Business Development Executive, Google Cloud",Google,"Cambridge, MA, USA",Advanced
Business Systems Analyst,Google,"Sunnyvale, CA, USA",Mid
"Senior Incident Response Security Consultant, Mandiant",Google,Mexico,Mid
Data Center Electrical Engineer,Google,"Groningen, Netherlands",Mid
"Technical Program Manager, Google Play Developer",Google,"London, UK",Mid
"Administrative Business Partner II, Global Communications and Public Affairs",Google,"Mountain View, CA, USA",Early
"Partner Forward Deployed Engineer III, GenAI, Google Cloud",Google,"New York, NY, USA",Mid
"Senior UX Engineer, AI Systems Knowledge and Intelligence Engine",Google,"Kirkland, WA, USA",Mid
"Software Engineer III, Camera System Software",Google,"Seoul, South Korea",Mid
"Digital Strategy Associate, Accelerated Growth, Google Customer Solutions (Japanese, English)",Google,"Tokyo, Japan",Early
"Senior Technical Program Manager, Chip DevOps and Methodology",Google,"Tel Aviv, Israel",Advanced
"SoC Edge-AI Design Verification Engineer, Google Cloud",Google,"Tel Aviv, Israel",Mid
"Software Engineer Manager II, Embedded Systems/Firmware",Google,"Sunnyvale, CA, USA",Advanced
Software Engineering Manager II,Google,"New York, NY, USA",Advanced
"Strategic Cloud Architect, Google Cloud (Mandarin, English)",Google,"Beijing, China",Advanced
"Technical Program Manager, Warehouse and Logistics Security Systems",Google,"Kirkland, WA, USA",Mid
"Software Engineer III, Network Connectivity Center",Google,"Sunnyvale, CA, USA",Mid
"Senior Program Manager, Executive Engagement, Google Cloud",Google,"Sydney NSW, Australia",Mid
"Software Engineer III, TPU Performance, Hardware and Software Codesign",Google,"Sunnyvale, CA, USA",Mid
"Product Manager, CTM Intelligence",Google,"Sunnyvale, CA, USA",Advanced
"Cyber Defense Consultant, Mandiant, Google Cloud",Google,"California, USA",Mid
"Data Center Technician II, AI Infrastructure",Google,"Hanau, Germany",Early
Strategic Partnerships Development Manager,Google,"New York, NY, USA",Mid
"Senior Software Engineer, Google Cloud Kubernetes Networking",Google,"Sunnyvale, CA, USA",Mid
"Account Strategist, Google Customer Solutions, Mid-Market Sales",Google,"Ann Arbor, MI, USA",Early
"Account Manager, Career Platforms Pod, Large Customer Sales (Japanese)",Google,"Tokyo, Japan",Mid
"Recruiter, Programs Hiring",Google,Singapore,Mid
"Senior Technical Program Manager, AI and Infrastructure, TPU",Google,"Kirkland, WA, USA",Advanced
"Field Sales Representative III, Enterprise Growth, Google Cloud",Google,"Sunnyvale, CA, USA",Advanced
"Data Center Facilities Technician I, Controls",Google,"Kronstorf, Austria",Early
"Data Center Facilities Technician, Electrical",Google,"Leesburg, VA, USA",Early
"Forward Deployed Engineer, GenAI (Mandarin, English)",Google,Singapore,Mid
Software Engineer,Google,"Pittsburgh, PA, USA",Mid
"Workspace Sales Specialist III, Enterprise Greenfield, Cloud",Google,"New York, NY, USA",Advanced
"Software Engineering Manager, SensAI",Google,"San Diego, CA, USA",Advanced
"Commercial Strategy Lead, GMP Channel, Global Product Solutions",Google,"New York, NY, USA",Mid
"Senior Signal Integrity Engineer, Platforms",Google,"Sunnyvale, CA, USA",Mid
"Operations Program Manager, Contracting",Google,"Mountain View, CA, USA",Mid
"Cloud Platform Sales Manager II, SMB, Google Cloud",Google,"Austin, TX, USA",Advanced
"Software Engineer III, Generative AI, Workspace Drive",Google,"Boulder, CO, USA",Mid
"Principal Global Account Executive, Home and Personal Care, Large Customer Sales",Google,"New York, NY, USA",Advanced
"Principal Engineer, Memory Safety and Agentic Modernization",Google,"Seattle, WA, USA",Director+
"Senior Financial Analyst, Google One AI 1P Partnerships",Google,"Mountain View, CA, USA",Mid
"Engineering Analyst, Trust and Safety, AdSpam",Google,"Kirkland, WA, USA",Mid
"Senior Product Manager, Core Labs, Marketing Agents/AI",Google,"San Jose, CA, USA",Advanced
"Ads Measurement Special Projects Lead, Agencies and Partners, APAC Product GTM",Google,Singapore,Mid
"Senior Software Engineer, AI/ML, Search Discover Personalization",Google,"Mountain View, CA, USA",Mid
"Global Strategy and Operations Associate, YouTube Marketing",YouTube,"Los Angeles, CA, USA",Early
"Technical Lead Manager, Data Infra, Gemini AutoCloud, Agentic AI",Google,"Sunnyvale, CA, USA",Advanced
"Environmental, Health, and Safety Program Manager, Operations",Google,"Fort Wayne, IN, USA",Mid
"Senior Account Manager, Large Customer Sales, German Market (English, German)",Google,"Dublin, Ireland",Mid
"YouTube Specialist, gTech Ads Solutions SE (Spanish, English)",Google,"Warsaw, Poland",Mid
"Affordability Partnerships Manager, Devices and Services",Google,"Bengaluru, Karnataka, India",Advanced
"Staff Product Engineer, Opto-Mechanical Modules",Google,"Fremont, CA, USA",Advanced
"Software Engineer II, Games Performance",Google,"Bucharest, Romania",Early
"Data Center Facilities Technician, Electrical",Google,"Red Oak, TX, USA",Early
"ASIC Design Verification Engineer, Google Cloud",Google,"Sunnyvale, CA, USA",Early
"Security Consultant Intern, BS/MS, Summer 2027",Google,"Mountain View, CA, USA",Intern & Apprentice
"Industry Manager, E-Book/Publishing Industry, Large Customer Sales (Japanese)",Google,"Tokyo, Japan",Mid
"Senior Project Manager, Mandiant Consulting, Google Cloud (English, Spanish, Portuguese)",Google,Brazil,Mid
"Technical Program Manager III, Tooling and Telemetry, Google Data Centers",Google,"Pflugerville, TX, USA",Mid
Technical Program Manager,Google,"Kirkland, WA, USA",Mid
Japan FSI GTM Industry Lead (Japanese),Google,"Tokyo, Japan",Advanced
"Data Transformation Lead, Retail, Large Customer Sales",Google,"San Francisco, CA, USA",Mid
"Security Customer Engineer, Google Cloud",Google,"Sydney NSW, Australia",Mid
"Product Strategy and Operations Analyst, Google Education",Google,"Mountain View, CA, USA",Mid
"SerDes Characterization Engineer, Platforms",Google,"Sunnyvale, CA, USA",Mid
"Central Government Academic Engagement Representative, Google for Education (Japanese, English)",Google,"Tokyo, Japan",Mid
"Administrative Business Partner II, Global Partnerships, Platforms and Devices XR",Google,"Los Angeles, CA, USA",Early
"DV360 Specialist, Google Customer Solutions, UKI",Google,"Dublin, Ireland",Mid
"Business Data Scientist, YouTube Transparency and Compliance Metrics",YouTube,"San Bruno, CA, USA",Mid
"Senior Staff GenAI Engineer, YouTube Ads Creative Optimization",YouTube,"Mountain View, CA, USA",Advanced
"Senior Software Engineer, Generative AI, Shopping Product Graph, Commerce",Google,"Pittsburgh, PA, USA",Mid
"Product Manager II, Display Ads, Audiences",Google,"New York, NY, USA",Mid
"Silicon Engineer, Custom Circuits and SRAM, Google Cloud",Google,"Bengaluru, Karnataka, India",Mid
"Outcome Customer Engineer, GCP, Google Cloud, South East Asia",Google,Singapore,Mid
"Software Engineer, Image Processing, Pixel Camera",Google,"New Taipei, Banqiao District, New Taipei City, Taiwan",Mid
SMART Automation Sustainment Technician,Google,Singapore,Early
"Developer Relations Engineer, Android Intelligent Experience AI",Google,"Mountain View, CA, USA",Mid
"Principal, Value Creation, Google Cloud",Google,"Mumbai, Maharashtra, India",Advanced
"Staff Research Scientist, AI Alignment",Google,Singapore,Advanced
"Technical Program Manager, Pixel Carrier Engineering - Munich",Google,"Munich, Germany",Mid
"Data Center Technician III, Global Server Operations",Google,"Hanau, Germany",Early
"International Account Executive, Retail, Large Customer Sales",Google,"New York, NY, USA",Mid
"Software Engineer II, YouTube",YouTube,"Bengaluru, Karnataka, India",Early
"Program Manager, Ecosystem Experiences",Google,"Tel Aviv, Israel",Mid
Senior Silicon Design Verification Engineer,Google,"New Taipei, Banqiao District, New Taipei City, Taiwan",Mid
"Data Center Facilities Technician, Electrical",Google,"Monrovia, IN, USA",Early
Technical Solutions Engineer,Google,"Austin, TX, USA",Mid
"Staff Software Engineer, Enterprise Product Architecture, Core",Google,"Hyderabad, Telangana, India",Advanced
"Technical Program Manager, Capacity and Constraint Intelligence",Google,"Kirkland, WA, USA",Advanced
"Product Marketing Manager, GenMedia",Google,"New York, NY, USA",Mid
"Data Center Facilities Technician, Electrical",Google,"Kuala Lumpur, Federal Territory of Kuala Lumpur, Malaysia",Early
"Data Center Facilities Technician II, Electrical",Google,"Fredericia, Denmark",Early
"SoC Test Engineer, Google Cloud",Google,"Tel Aviv, Israel",Mid
"Data Engineer, Data Architecture and Engineering, gTech Strategy and Operations",Google,"Gurugram, Haryana, India",Early
Google Cloud Public Sector Financial Analyst,Google,"Reston, VA, USA",Mid
"Senior Staff Software Engineer, GPU System Software",Google,"Sunnyvale, CA, USA",Advanced
"Principal Engineer, Content and Generative AI Exploration, Search Platforms",Google,"Mountain View, CA, USA",Director+
"Software Engineer III, Payments",Google,"Hyderabad, Telangana, India",Mid
"Field Sales Representative, Google Cloud, Telco",Google,"London, UK",Advanced
"Software Engineer, AI and Data Protection",Google,"Kirkland, WA, USA",Advanced
"Senior Software Engineer, Infrastructure, Google Cloud",Google,"Ramat Gan, Israel",Mid
"Senior Product Design Engineer, Trackers and Home",Google,"New Taipei, Banqiao District, New Taipei City, Taiwan",Mid
"Solutions Engineer, Program Management, gUP",Google,"Sunnyvale, CA, USA",Mid
"Software Engineer, Payments Security",Google,Singapore,Mid
"Software Engineer, Health and Home Infrastructure, Health Research Infrastructure",Google,"Mountain View, CA, USA",Advanced
"Senior Cloud Security Architect, Mandiant, Cloud and Infrastructure",Google,Riyadh Saudi Arabia,Mid
"Staff Software Engineer, Labs Science",Google,"London, UK",Advanced
"Software Engineering Manager II, Site Reliability Engineering, Data Cloud SRE",Google,"Sunnyvale, CA, USA",Advanced
"Research Engineer, AGI Safety and Alignment, DeepMind",DeepMind,"London, UK",
"Senior Software Engineer, Full Stack, Labs",Google,"Mountain View, CA, USA",Mid
"Senior Staff Data Scientist, Product",Google,"Mountain View, CA, USA",Advanced
"Data Center Facilities Technician, Mechanical",Google,"Horndal, Sweden",Early
Network Engineer,Google,"Reston, VA, USA",Mid
"Global Solutions Senior Associate, Go-To-Market",Google,"New York, NY, USA",Mid
"Service Deliver Manager, Consumer Support, YouTube",YouTube,"San Bruno, CA, USA",Mid
"Software Engineer, Google Beam, Full Stack",Google,"Seattle, WA, USA",Mid
Senior Mechanical Data Center Engineer,Google,"Hyderabad, Telangana, India",Mid
"Software Engineer, Agent Cloud Rate Limiting",Google,"Sunnyvale, CA, USA",Mid
"Research Engineer, Frontier AI, Incubation, DeepMind",DeepMind,"Mountain View, CA, USA",
"Associate Principal, Business Operations and Strategy",Google,"San Jose, CA, USA",Mid
"Senior Strategic Security Consultant, Mandiant, Google Cloud",Google,"Atlanta, GA, USA",Mid
"Senior Security Software Engineer, Emerging On-prem AI infrastructure",Google,"Reston, VA, USA",Mid
Data Scientist,Google,"Cambridge, MA, USA",Mid
"Senior Account Manager, Large Customer Sales, Digital First, German Market (English, German)",Google,"Dublin, Ireland",Mid
"Technical Program Manager II, Data Center and Logistics Analytics",Google,"Atlanta, GA, USA",Mid
"Technical Program Manager III, Monetization, Google Play",Google,"Mountain View, CA, USA",Mid
"Customer Engineer, Platform, Google Cloud",Google,"Seattle, WA, USA",Mid
"Head of Performance, Tech and Lifestyle Services Sector",Google,"San Francisco, CA, USA",Advanced
"Software Engineer III, Infrastructure, Home Virtualization",Google,"Mountain View, CA, USA",Mid
"Senior Security Engineer, Digital Forensics",Google,"New York, NY, USA",Mid
"Senior Engineering Manager, Android Application Safety",Google,Singapore,Advanced
"APAC Category Business Manager, Devices and Services (English)",Google,Singapore,Mid
"Lead Strategic Negotiator, Global Network Acquisitions",Google,Dubai - United Arab Emirates,Mid
"Software Engineer III, Enterprise Data Protection",Google,Singapore,Mid
"Staff Software Engineer, Network Infrastructure Capacity Delivery",Google,"Sunnyvale, CA, USA",Advanced
"Product Business Development Lead, Android Automotive Partnerships Apps",Google,"San Jose, CA, USA",Advanced
"Staff UX Designer Lead, Studio Content Publishing",Google,"Zürich, Switzerland",Advanced
"Staff Software Engineer, Data Center Resource Modeling",Google,"Sunnyvale, CA, USA",Advanced
"Customer Engineer, Outcome, Financial Services, Google Cloud",Google,"New York, NY, USA",Mid
"Senior Software Engineering Manager, AI/ML Recommendations, Rankings, Predictions, YouTube",YouTube,"San Bruno, CA, USA",Advanced
"CPU Emulation Engineer, Silicon",Google,"Austin, TX, USA",Mid
"Technical Account Manager II, Google Cloud Consulting (English, Portuguese)",Google,"São Paulo, State of São Paulo, Brazil",Mid
"Database Sales Specialist, Google Cloud",Google,"Tokyo, Japan",Advanced
"Research Scientist, Robotics Pre-Training and Data Quality, DeepMind",DeepMind,"London, UK",
Head of Google Store Product and Support Excellence,Google,"Atlanta, GA, USA",Advanced
Transportation Program Manager,Google,"Hyderabad, Telangana, India",Mid
"Senior Research Scientist, Workflow Tools Pathfinding, Quantum AI",Google,"Goleta, CA, USA",Mid
"Data Center Operations Manager, Global Server Operations",Google,"Tel Aviv, Israel",Mid
"Senior Software Engineer, Device Architecture, Google Home",Google,"Mountain View, CA, USA",Mid
"Software Engineering Manager, GCE Engineering Productivity",Google,"Warsaw, Poland",Advanced
"Video Solutions Expert, gTech Ads Solutions (English, Mandarin)",Google,"Taipei, Taiwan",Early
"Partner Solutions Engineer, Universal Commerce Protocol",Google,"Sunnyvale, CA, USA",Mid
"Technical Program Manager I, AI/ML, Platform and Devices",Google,"Mountain View, CA, USA",Early
"Software Engineer Manager II, Full Stack, Agentic Commerce",Google,"Pittsburgh, PA, USA",Advanced
"Tech Lead Manager, Workspace Monetization Data Science",Google,"Sunnyvale, CA, USA",Advanced
"Partner Delivery Manager, gTech Ads Agency and Partners",Google,"New York, NY, USA",Mid
"Administrative Business Partner, Merchant Shopping",Google,"Mountain View, CA, USA",Early
"Software Engineer III, Infrastructure, Core",Google,"San Jose, CA, USA",Mid
"Technical Program Manager III, Display Software, Pixel",Google,"Mountain View, CA, USA",Mid
"Business Data Scientist, Subscriptions and Customer Growth Marketing",Google,"Mountain View, CA, USA",Mid
"Google Workspace Customer Engineer, Mid-Market Enterprise, Google Cloud",Google,"Seattle, WA, USA",Mid
"Technical Program Manager II, Fiber Infrastructure, Cloud Networking",Google,"Atlanta, GA, USA",Mid
"Research Engineer, World Models, DeepMind",DeepMind,"London, UK",
"Photos Mission Tech Lead, Applied AI, Full Stack",Google,"Mountain View, CA, USA",Advanced
"Silicon Engineer, Design Verification",Google,"Bengaluru, Karnataka, India",Early
"Senior SOC DFT Engineer, Google Cloud",Google,"Tel Aviv, Israel",Mid
ASIC Technology Librarian,Google,"Sunnyvale, CA, USA",Mid
"Principal Product Manager, Consumer Shopping Personalization",Google,"Mountain View, CA, USA",Director+
"Program Manager, Networking Supply and Material Planning",Google,"Taipei, Taiwan",Mid
"Software Engineer II, Google Messages, Front End",Google,"Kraków, Poland",Early
"Staff Software Engineer, AI Garage",Google,"Hyderabad, Telangana, India",Advanced
Head of Google Workspace for Brazil (Public Sector),Google,"São Paulo, Brazil",Advanced
"Category Manager, IT Hardware Compute, GPO",Google,"Chicago, IL, USA",Mid
"Staff Software Engineer, Generative AI Content, Search Platforms",Google,"Mountain View, CA, USA",Advanced
"Software Developer III, Chrome Desktop Growth",Google,"Waterloo, ON, Canada",Mid
Strategic Partnerships Development Manager,Google,"San Francisco, CA, USA",Mid
"Business Systems Analyst, Source to Pay",Google,"Hyderabad, Telangana, India",Mid
"Strategic Partnerships Development Manager, Devices and Services",Google,Singapore,Mid
"Manager, Software Engineer, Site Reliability Engineering",Google,"San Francisco, CA, USA",Advanced
"Software Engineer III, Mobile (Android), Web and Tablets",Google,"Kraków, Poland",Mid
"Staff Software Engineer, Model as a Service, Cloud AI",Google,"Sunnyvale, CA, USA",Advanced
"Director, Sovereign Cloud Delivery",Google,"Canberra ACT, Australia",Director+
"Senior Staff Software Engineer, AI Developer Tools, Cloud Gemini Enterprise",Google,"Sunnyvale, CA, USA",Advanced
Gemini Performance Marketing Manager,Google,"New York, NY, USA",Mid
"Partner Delivery Manager, gTech Ads Agency and Partners, Data Strategy",Google,"New York, NY, USA",Mid
"Senior Quantitative UX Researcher, AI Enablement",Google,"Sunnyvale, CA, USA",Mid
"Strategic Negotiator III, Data Center Land Development and Portfolio Management",Google,"Austin, TX, USA",Mid
"Micro-architecture and RTL Lead, Google Cloud",Google,"Bengaluru, Karnataka, India",Advanced
"Software Developer, Functional Validation, Apps, Video and Display",Google,"Waterloo, ON, Canada",Mid
"Technical Program Manager, AI Data",Google,"Bengaluru, Karnataka, India",Mid
"AI Customer Engineer, Digital Natives, Google Cloud",Google,"Bengaluru, Karnataka, India",Mid
"Principal Engineer, AlloyDB",Google,"Sunnyvale, CA, USA",Director+
"Senior Software Engineer, Infrastructure, Google Cloud Platforms",Google,"Sunnyvale, CA, USA",Mid
"Go-To-Market Lead, Retail Industry, Cloud (Japanese)",Google,"Tokyo, Japan",Advanced
"Product Account Executive, YouTube+",YouTube,"Buenos Aires, Argentina",Mid
"AI Customer Engineer, Google Cloud",Google,"Taipei, Taiwan",Advanced
"Technical Program Manager, Cloud Storage",Google,"Hyderabad, Telangana, India",Mid
"Product Deployment Engineer, gTech Ads LCS",Google,"New York, NY, USA",Mid
"Market Lead, Google Customer Solutions",Google,"Sydney NSW, Australia",Mid
"Staff Technical Lead, Games Performance, Android System Health",Google,"Bucharest, Romania",Advanced
Senior Customer Solutions Engineer,Google,"Hyderabad, Telangana, India",Mid
"Staff Software Engineer, Filestore, Google Cloud",Google,"Tel Aviv, Israel",Advanced
"Vendor Performance Manager, SMB Growth, GCS, UK, Ireland and US Markets",Google,"Taguig, Metro Manila, Philippines",Mid
"Financial Analyst, Corporate Financial Planning and Analysis",Google,"Sunnyvale, CA, USA",Mid
"Senior Search Ads 360 Account Manager, Financial Services",Google,"San Francisco, CA, USA",Mid
"Global Partner Incentives Design Lead, Google Cloud, Security",Google,"Kirkland, WA, USA",Advanced
"Analytical Lead, Planning and Measurement, Large Customer Sales",Google,Singapore,Early
"Software Developer, XR System Interaction Frameworks",Google,"Kitchener, ON, Canada",Mid
Silicon Physical Design Engineer,Google,"Bengaluru, Karnataka, India",Mid
"Security Platform Engineer, Google Cloud Public Sector",Google,"London, UK",Mid
"Design Engineer, Google Cloud, Networking",Google,"Tel Aviv, Israel",Mid
"Senior Software Engineer, XR World Context",Google,"Zürich, Switzerland",Mid
"Customer Engineer, Infrastructure Modernization Specialist (English, Japanese)",Google,"Tokyo, Japan",Mid
"Partner Upskilling Lead for Search, APAC",Google,"Gurugram, Haryana, India",Mid
"Senior Software Engineer, Localization on AI Answers",Google,"Belo Horizonte, State of Minas Gerais, Brazil",Mid
"Software Engineer Manager, TPU Silicon Validation",Google,"Sunnyvale, CA, USA",Advanced
"Senior Software Engineer, Infrastructure, Google Cloud Storage",Google,"New York, NY, USA",Mid
"Staff Software Engineer, Linux Kernel and Baseboard Management Controller Architecture",Google,"Sunnyvale, CA, USA",Advanced
"AI Outcome Customer Engineer, Google Cloud",Google,"Sydney NSW, Australia",Mid
"Senior Account Manager, Large Customer Sales (English, German)",Google,"Dublin, Ireland",Mid
"Group Product Manager, Ads",Google,"Mountain View, CA, USA",Advanced
"Operations Program Manager, Budget Governance, Payments",Google,"Mountain View, CA, USA",Mid
"Lead Group Product Manager, Commerce, PayTrust",Google,"Mountain View, CA, USA",Advanced
"Software Engineer, AI/ML, Search Personalization",Google,"Mountain View, CA, USA",Mid
"Sustainable Journeys Program Manager, Google Search",Google,"Zürich, Switzerland",Mid
"Research Scientist, Google Ads",Google,"Mountain View, CA, USA",Mid
"Public Affairs Manager, Regional Data Centers",Google,"Austin, TX, USA",Mid
"Community Development Manager, Strategic Partnerships Office",Google,"Muhos, Finland",Advanced
"Business Data Analyst, Procurement",Google,"Sunnyvale, CA, USA",Advanced
"Field Sales Representative II, Growth, Startups, Google Cloud",Google,"Atlanta, GA, USA",Mid
"Research Engineer, Gemini Multi-turn",Google,"Mountain View, CA, USA",Mid
"Senior Staff Software Engineer, Network Management",Google,"Sunnyvale, CA, USA",Advanced
"Technical Lead Manager, Applied AI, DeepMind",DeepMind,Singapore,
"Test Generator Technical Lead, Hardware, Google Cloud",Google,"Tel Aviv, Israel",Mid
"Google for Education Lead (Malay, English)",Google,"Kuala Lumpur, Federal Territory of Kuala Lumpur, Malaysia",Mid
"Quản lý Khách hàng Chiến lược, Ứng dụng và Trò chơi, Khối Khách hàng chiến lược",Google,"Ho Chi Minh, Vietnam",Early
"Senior Software Engineer, Semantic Understanding, Search Ads Personalization",Google,"Mountain View, CA, USA",Mid
"Strategic Partner Development Manager, Private Equity, Google Cloud",Google,"New York, NY, USA",Advanced
Strategic Partnerships Development Manager,Google,"Mountain View, CA, USA",Mid
"Staff Software Engineer, AI/ML Storage Infrastructure",Google,"San Jose, CA, USA",Advanced
"Senior Product Manager, Consumer Shopping",Google,"Mountain View, CA, USA",Advanced
"Customer Engineer, Data Analytics, Google Cloud",Google,Singapore,Advanced
"Data Transformation Lead, Large Customer Sales, Agencies and Partners (English, Portuguese)",Google,"São Paulo, Brazil",Mid
"Data Center Technician, Third Party Data Centers",Google,"Las Vegas, Nevada, USA",Early
"Retail Marketing Manager, Devices and Services (English, French)",Google,"Paris, France",Mid
"Senior SoC and IP Design Engineer, Google Cloud",Google,"Haifa, Israel",Mid
"Software Engineering Manager II, Google Cloud",Google,"Bengaluru, Karnataka, India",Advanced
"Product Deployment Engineer, gTech Ads",Google,"Chicago, IL, USA",Early
"Software Engineer, Early Careers, PhD, gSoC Server Software",Google,"Warsaw, Poland",Mid
"Senior Strategic Negotiator, Data Center Leasing and Investments",Google,"San Francisco, CA, USA",Advanced
"Associate Commercial Counsel, Payments",Google,"Chicago, IL, USA",Advanced
"Senior Software Engineer, Android Full Stack",Google,"Bengaluru, Karnataka, India",Mid
"Software Engineer III, Google Pay and Wallet",Google,Singapore,Mid
"Venture Capital Business Development Manager, Google Cloud (English)",Google,"Berlin, Germany",Advanced
"Product Excellence Manager, Policy",Google,"Sunnyvale, CA, USA",Mid
"Senior Software Engineer, App Ads, Data and Measurement",Google,Singapore,Mid
"Software Engineer III, AI/ML, Gemini Enterprise",Google,"Sunnyvale, CA, USA",Mid
"Senior Program Manager, Trade-in and Certified Pre-Owned",Google,"Mountain View, CA, USA",Advanced
"Regional Ads Policy Lead, APAC Go-To-Market (Fixed-Term Contract)",Google,Singapore,Mid
"Strategic Partnership Manager, Pixel (Japanese, English)",Google,"Tokyo, Japan",Advanced
"Administrative Business Partner, Google Cloud Consulting",Google,"London, UK",Early
"Software Engineer II, Payments",Google,"Bengaluru, Karnataka, India",Early
"SoC Chip Architect, Google Cloud, Silicon",Google,"Tel Aviv, Israel",Advanced
Business and Marketing Data Science Manager,Google,"Seattle, WA, USA",Advanced
"Generative AI Forward Deployed Engineer, Google Cloud",Google,"Mumbai, Maharashtra, India",Advanced
"Senior Ads Solutions Engineer, gTech Agency and Partner Engineering",Google,"London, UK",Mid
"Software Developer, Early Career, Campus",Google,"Waterloo, ON, Canada",Early
"Research Scientist PhD Intern, 2027",Google,"Zürich, Switzerland",Intern & Apprentice
"Software Engineer III, Generative AI, Core",Google,"Kirkland, WA, USA",Mid
"Director, New Product Integration and Vendor Risk Management",Google,"Atlanta, GA, USA",Director+
"Staff Software Engineer/Tech Lead, ML Network Infrastructure",Google,"Sunnyvale, CA, USA",Advanced
"Account Strategist, SMB, Google Customer Solutions",Google,"Ho Chi Minh City, Ho Chi Minh, Vietnam",Early
"Research Data Scientist, Magic Eye",Google,"Mountain View, CA, USA",Mid
"Audience and Revenue Lead, Ecosystem Investments",Google,"New York, NY, USA",Mid
"Data Center Technician, First Shift",Google,"Las Vegas, NV, USA",Early
"Enterprise Architect, Professional Services, Google Cloud",Google,"Sydney NSW, Australia",Advanced
"Senior Software Engineer, YouTube Creator Support",YouTube,"Bengaluru, Karnataka, India",Mid
"Technical Lead, Android Growth Systems and App Foundations",Google,"London, UK",Advanced
"Software Engineering Manager, Core Media Team, YouTube",YouTube,"Mountain View, CA, USA",Advanced
"Network Engineer, Google Distributed Cloud Labs",Google,"Sunnyvale, CA, USA",Advanced
"App Specialist, Customer Onboarding, Global Customer Solutions (English, Russian)",Google,"Dublin, Ireland",Mid
"Staff Software Engineer, Merchant Shopping Growth and Insights AI/ML",Google,"Mountain View, CA, USA",Advanced
"Silicon Emulation Engineer, Google Cloud",Google,"Bengaluru, Karnataka, India",Mid
"Staff Forward Deployed Engineer, GenAI, Google Cloud",Google,"Warsaw, Poland",Advanced
Data Center Energy Strategic Negotiator,Google,"Sunnyvale, CA, USA",Mid
"Software Engineer, Cloud Observability Analytics Integrations",Google,"Pittsburgh, PA, USA",Mid
"Senior Product Data Scientist, Customer Engagement",Google,"Mountain View, CA, USA",Mid
"Staff Software Engineer, DevAI, Self-Maintaining Codebase",Google,"Munich, Germany",Advanced
"Key Account Executive, Google Cloud, Telco",Google,"London, UK",Advanced
"Senior Account Strategist, Mid-Market Sales, Google Customer Solutions",Google,"Los Angeles, CA, USA",Mid
"Senior Motion Creative Lead, AI, Subscription and Growth Marketing",Google,"Los Angeles, CA, USA",Advanced
Global Network Program Lead,Google,"Atlanta, GA, USA",Advanced
"Software Engineer, Generative AI, Maps",Google,"Mountain View, CA, USA",Mid
"Technical Program Manager, Fleet Orchestration Systems",Google,"Pryor Creek, OK 74361, USA",Mid
"Data Center Facilities Technician I, Generators",Google,"Fort Wayne, IN, USA",Early
"Tax Analyst, APAC",Google,Singapore,Mid
"Software Engineer III, Embedded, Pixel Graphics and Video",Google,"Warsaw, Poland",Mid
"Industry Principal Architect, Web3",Google,Hong Kong,Advanced
"Senior Software Engineer, Workspace, Cloud Infrastructure",Google,"Raleigh, NC, USA",Mid
"User Experience Research Intern, PhD, Summer 2027",Google,"Mountain View, CA, USA",Intern & Apprentice
"Security Sales Specialist III, Financial Services, Google Cloud",Google,"Frankfurt am Main, Germany",Advanced
"Security Engineer, PSO",Google,"Seattle, WA, USA",Mid
"GTM Strategy and Operations Manager II, PACE, Google Cloud",Google,"Chicago, IL, USA",Mid
"Software Developer Intern, PhD, Summer 2027",Google,"Waterloo, ON, Canada",Intern & Apprentice
Platform Software Technical Lead,Google,"Sunnyvale, CA, USA",Advanced
"Account Strategist, Small Business Sales, Google Customer Solutions",Google,"San Francisco, CA, USA",Early
"Finance Manager, Data Center Power and Cooling Equipment",Google,"Kirkland, WA, USA",Advanced
"Engineering Manager, Identity and Access Management, Capsium Serving",Google,"Sunnyvale, CA, USA",Advanced
"Customer Engineer, Google Workspace, Google Cloud (Japanese, English)",Google,"Tokyo, Japan",Mid
"Senior Forward Deployed Engineer, Generative AI, Google Cloud (Mandarin)",Google,Singapore,Mid
"Software Engineer III, AI/ML Infrastructure, Performance Engineering",Google,"Bengaluru, Karnataka, India",Mid
"AI Sales Specialist, Startups and Scale Ups, Google Cloud United Kingdom and Ireland",Google,"London, UK",Advanced
"Engineering Manager, Data Residency and Fast Compliance",Google,"Sunnyvale, CA, USA",Advanced
"AI Outcome Customer Engineer, Forward Deployed Engineering, Google Cloud",Google,"Madrid, Spain",Advanced
"GECX AI Sales Specialist, Google Cloud",Google,"Tokyo, Japan",Advanced
"Service Program Manager, Global Business Applied AI Technical Services",Google,"Boulder, CO, USA",Mid
"Brand Marketing Manager, AI Education, Consumer Apps Marketing",Google,"San Francisco, CA, USA",Mid
"Software Engineer III, Synthetic Data Engineer, XR",Google,"Munich, Germany",Mid
"Software Engineer III, Original Content, YouTube",YouTube,"Zürich, Switzerland",Mid
"Field Sales Representative, Google Cloud",Google,"Taguig, Metro Manila, Philippines",Advanced
"Supportability Technical Lead, AI/ML, Google Cloud",Google,"Sunnyvale, CA, USA",Mid
"Product Manager II, Ads",Google,"Mountain View, CA, USA",Mid
"Technical Account Manager I, Google Cloud Consulting (English, Portuguese)",Google,"São Paulo, Brazil",Mid
"Senior Software Engineer, AI/ML GenAI, Core",Google,"New York, NY, USA",Mid
"Software Engineer III, AI/ML, Google Cloud",Google,"Sunnyvale, CA, USA",Mid
"Senior Technical Program Manager II, Foundational Enterprise Architecture Capabilities",Google,"Austin, TX, USA",Advanced
"Community Partner Manager, YouTube (Spanish, Italian)",YouTube,"London, UK",Early
"Software Engineer III, Infrastructure, AI and Infrastructure",Google,"Kirkland, WA, USA",Mid
"Data Center Facilities Technician, Fire Life Safety",Google,"West Memphis, AR, USA",Early
"Senior Agent Engineer, Google Cloud, Applied AI",Google,"Sunnyvale, CA, USA",Mid
"Silicon Engineering Intern, PhD, Summer 2027",Google,"Sunnyvale, CA, USA",Intern & Apprentice
"Staff Engineer, Agentic Access Controls",Google,"Chicago, IL, USA",Advanced
"ISV Sales Specialist, Google Cloud (French, English)",Google,"Paris, France",Mid
"Strategic Partnerships Development Manager, Web, CPT, GRCN, Sellside Monetization (English, Mandarin)",Google,"Beijing, China",Mid
"Staff Research Software Engineer, Google Research",Google,Singapore,Advanced
"Mobile Technical Lead, RCS For Business",Google,"Kraków, Poland",Mid
"Applied Solutions Architect, Google Cloud",Google,"Bengaluru, Karnataka, India",Mid
"Apps Solutions Expert, gTech Ads Solutions (Fixed-Term Contract)",Google,"Seoul, South Korea",Early
"Software Engineering Manager, gWindows, Infrastructure",Google,"Sunnyvale, CA, USA",Advanced
"Software Engineer Manager II, Geo",Google,"Tokyo, Japan",Advanced
"Physical Design and Implementation Engineer, CPU",Google,"Bengaluru, Karnataka, India",Mid
"Junior RTL Design Engineer, Google Cloud",Google,"Tel Aviv, Israel",Early
"YouTube Industry Manager, Large Customer Sales",YouTube,"Melbourne VIC, Australia",Mid
"Staff Developer Experience Engineer, DeepMind",DeepMind,"Bengaluru, Karnataka, India",
"Staff Software Engineer, Machine Learning, TPU Workload Optimization",Google,Singapore,Advanced
"Account Strategist, Mid-Market Sales, Google Customer Solutions (English, Lithuanian)",Google,"Dublin, Ireland",Early
"Open Marketing & Communications Career Opportunities, CapitalG Portfolio Companies",Google,"Mountain View, CA, USA",Intern & Apprentice
Data Center Technician III,Google,"Tel Aviv, Israel",Early
"Accountant, Revenue and Accounting Management",Google,"Chicago, IL, USA",Mid
"User Experience Design Intern, BS/MS, Summer 2027",Google,"Mountain View, CA, USA",Intern & Apprentice
"Product Manager I, Google Display Ads, GVP and Walled Gardens",Google,"Mountain View, CA, USA",Mid
"Data Center Technician (English, French)",Google,"Montreal, QC, Canada",Early
"Strategic Alliance Manager III, Security, Google Cloud",Google,"Atlanta, GA, USA",Advanced
"Principal Incident Response Security Consultant, Mandiant, Google Cloud",Google,"California, USA",Advanced
"Senior Red Team Security Consultant, Mandiant (English)",Google,Mexico,Mid
"YouTube Industry Manager, Large Customer Sales",YouTube,"Sydney NSW, Australia",Mid
"Senior Front-End CAD Engineer, CPU, Google Cloud",Google,"Haifa, Israel",Mid
"Staff Forward Deployed Engineer, Google Cloud Consulting (Multiple Languages)",Google,"Dublin, Ireland",Advanced
"Open Career Opportunities, Wing",Wing,"Palo Alto, CA, USA",
"Account Strategist, Engage, Google Customer Solutions",Google,Singapore,Early
"Program Manager II, Infrastructure Resource Planning, Google Ads and Commerce",Google,"Mountain View, CA, USA",Mid
"Software Engineer, Google Wallet, 1P Integrations",Google,Singapore,Early
"Senior Staff Software Engineer, Gemini Mobile App, DeepMind",DeepMind,"Mountain View, CA, USA",
"Software Engineer III, Infrastructure, Google Cloud Storage Efficiency",Google,"Sunnyvale, CA, USA",Mid
"Strategic Partnerships Manager, Silicon 3PIP",Google,"Mountain View, CA, USA",Advanced
"Senior Business Program Manager, Business Systems",Google,"Mexico City, CDMX, Mexico",Advanced
"Software Engineer III, AI/ML, Google Ads",Google,"Irvine, CA, USA",Mid
"Staff Software Engineer, Cloud AI",Google,"Hyderabad, Telangana, India",Advanced
Principal Architect,Google,"Boulder, CO, USA",Advanced
"Software Engineer, Firmware, Pixel Video",Google,"Mountain View, CA, USA",Mid
"Software Engineer III, AI Edge Applied ML Experiences",Google,"Munich, Germany",Mid
"Senior Technical Program Manager, GCBP PMPO",Google,"Kirkland, WA, USA",Advanced
"Edge-AI Verification Lead, Google Cloud",Google,"Tel Aviv, Israel",Advanced
"SMB Account Manager, Gemini Enterprise and Google Workspace (Korean)",Google,Singapore,Early
"Technical Program Manager, APAC Fiber and Capacity Delivery",Google,Singapore,Mid
"Data Analytics Sales Specialist III, Google Cloud (German, English)",Google,"Munich, Germany",Advanced
"Field Sales Representative, Telco, Google Cloud",Google,"Melbourne VIC, Australia",Advanced
"Design Verification Manager, Silicon",Google,"Bengaluru, Karnataka, India",Advanced
"Staff Software Engineer, On-Device Machine Learning Infrastructure",Google,"Sunnyvale, CA, USA",Advanced
Real Estate Portfolio Executive,Google,"Bengaluru, Karnataka, India",Mid
"Account Strategist, SBS Engage, GCS (English, Dutch)",Google,"Dublin, Ireland",Early
"Engineering Manager, Technical Lead, Google Photos",Google,"Sydney NSW, Australia",Advanced
"Strategic UX Designer, Ecosystem Growth",Google,"San Jose, CA, USA",Mid
"User Experience Engineer Intern, PhD, Summer 2027",Google,"Mountain View, CA, USA",Intern & Apprentice
"AI Customer Engineer, ITES, Google Cloud",Google,"Gurugram, Haryana, India",Mid
"Lead Technical Program Manager, Fiber Design Engineering APAC and EMEA",Google,"London, UK",Advanced
"Research Scientist, Multisensor Robotics, DeepMind",DeepMind,"London, UK",
"Central Strategy and Operations Lead, Go-To-Market (English, Chinese)",Google,"Taipei, Taiwan",Mid
"Senior Product Manager, Search Growth",Google,"Mountain View, CA, USA",Advanced
Technology Delivery Solutions Engineer,Google,"Dublin, Ireland",Mid
"Staff Software Engineer, Kernel Virtualization",Google,"Sunnyvale, CA, USA",Advanced
GSOC Program Manager,Google,Singapore,Mid
"Senior Optical System Development Engineer, AR Glasses",Google,"New Taipei, Banqiao District, New Taipei City, Taiwan",Mid
"Director, Engineering, Sovereign Environments, SRE, Cloud",Google,"Sunnyvale, CA, USA",Director+
"Senior Visual Designer, YouTube on TVs",YouTube,"San Bruno, CA, USA",Mid
"Business Finance Analyst, Central Intelligence and Analytics",Google,Singapore,Early
"Senior Staff Software Engineer, AI Edge",Google,"Sunnyvale, CA, USA",Advanced
"Software Engineer, Fleet Analytics, PhD, Early Career, 2026",Google,"Bengaluru, Karnataka, India",Mid
"Technical Program Manager II, Product Design, Pixel Watch",Google,"Mountain View, CA, USA",Mid
"Vendor Performance Manager, SMB Growth",Google,"Gurugram, Haryana, India",Mid
"Detection and SOAR Engineer, Mandiant Consulting, Google Cloud",Google,"Canberra ACT, Australia",Mid
"Research Engineer, Advancing Agent Quality, DeepMind",DeepMind,"Mountain View, CA, USA",
"Senior Product Manager, Android",Google,"Mountain View, CA, USA",Advanced
"Account Manager, Large Customer Sales",Google,"Chicago, IL, USA",Early
"Data Center Facilities Technician, Mechanical",Google,"Port Dickson, Negeri Sembilan, Malaysia",Early
"Product Manager, Google Pay",Google,"Bengaluru, Karnataka, India",Mid
"Student Researcher, PhD, Winter-Summer 2027",Google,"Mountain View, CA, USA",Intern & Apprentice
"Senior Software Engineer, Embedded, Platforms and Devices",Google,"San Jose, CA, USA",Mid
"Senior Software Engineer, Machine Learning, TPU Workload Optimization",Google,Singapore,Mid
"Staff Product Data Scientist, Google Labs",Google,"Mountain View, CA, USA",Advanced
"Data Transformation Lead, Travel Vertical",Google,"Chicago, IL, USA",Mid
"Customer Engineer, Platform, Mobility, DACH (English, German)",Google,"Munich, Germany",Mid
Solutions Consultant,Google,"Chicago, IL, USA",Mid
"Research Engineer, Polaris, DeepMind",DeepMind,"Mountain View, CA, USA",
"Senior Software Engineer, Android Site Reliability Engineering",Google,"Sydney NSW, Australia",Mid
"Senior Supplier Quality Engineer, Electro-Optic Components, XR",Google,"Fremont, CA, USA",Mid
"Platform Customer Engineer, Google Cloud",Google,"Mumbai, Maharashtra, India",Advanced
"Quản lý tiếp thị sản phẩm, nhóm Tiếp thị Google Ads (Nhiều ngôn ngữ)",Google,"Ho Chi Minh City, Ho Chi Minh, Vietnam",Mid
Senior Data Scientist,Google,"San Francisco, CA, USA",Mid
"Technical Program Manager, Home Device Software",Google,"Mountain View, CA, USA",Advanced
"Technical Program Manager, Colo Infrastructure",Google,Singapore,Mid
"GSOC Regional Program Manager, EMEA",Google,"London, UK",Mid
"Technical Success Account Manager, Google Cloud Consulting",Google,"Atlanta, GA, USA",Advanced
"Forward Deployed Engineer, Data, GenAI, Google Cloud",Google,Singapore,Mid
"Technical Program Manager II, NPI Product Quality, Pixel",Google,"New Taipei, Banqiao District, New Taipei City, Taiwan",Mid
"Data Center Operations Lead, Sovereign Operations, Hampshire or Wiltshire",Google,"London, UK",Mid
"Key Account Executive, Strategic Accounts, Google Cloud",Google,"New York, NY, USA",Advanced
"Customer Engineer, Security, Google Cloud",Google,"Sunnyvale, CA, USA",Advanced
"Product Manager, AI for Education, Google Search",Google,"Mountain View, CA, USA",Mid
IT Infrastructure Engineer (Technicien Systèmes et Réseaux),Google,"Farciennes, Belgium",Early
"Senior Product Manager, Agentic AI and Insights Platform",Google,"Boulder, CO, USA",Advanced
"Software Engineer, PhD, Google Cloud Platform",Google,"Bengaluru, Karnataka, India",Mid
Quản lý chương trình kỹ thuật kiểm thử,Google,"Hanoi, Ha Noi, Vietnam",Mid
"Design AI Lead, Google Cloud",Google,"Tel Aviv, Israel",Advanced
"Physical Design Lead, Static Timing Analysis",Google,"Sunnyvale, CA, USA",Advanced
"Staff Software Engineer, Consumer Payments (Growth)",Google,Singapore,Advanced
"Reliability Infrastructure Technician, Raxium",Google,"Fremont, CA, USA",Early
"Hardware Engineering Manager, Fleet Analysis and Central Triage, PIE",Google,"Sunnyvale, TX, USA",Advanced
"Senior Security Engineer, National Security, Google Public Sector",Google,"Columbus, OH, USA",Mid
"Performance Lead, AI Agent, YouTube",YouTube,"Bengaluru, Karnataka, India",Mid
"Senior Software Engineer, Google Pay Ads",Google,Singapore,Mid
"Research Scientist, Neutral Atoms, Quantum AI",Google,"Boulder, CO, USA",Mid
"Customer Engineer, Advanced Technology, Google Cloud, Gaming",Google,"Shenzhen, Guangdong Province, China",Advanced
"Forward Deployed Engineer IV, Google Public Sector",Google,"Reston, VA, USA",Advanced
"Staff Storage Software Engineer, Solid State Drive Performance",Google,"Sunnyvale, CA, USA",Advanced
"Digital Strategy Lead, Accelerated Growth, Google Customer Solutions",Google,"San Francisco, CA, USA",Early
"AI Outcome Customer Engineer, Google Cloud",Google,"Melbourne VIC, Australia",Advanced
"Data Center Electrical Facilities Technician, Electrical",Google,"Sungai Buloh, Selangor, Malaysia",Early
"Forward Deployed Engineer III, Google Cloud Consulting (German)",Google,"Munich, Germany",Mid
"Senior Emulation Verification Engineer, Google Cloud",Google,"Tel Aviv, Israel",Mid
"Software Engineering Manager, Databases, Google Cloud",Google,"Bengaluru, Karnataka, India",Advanced
"Technical Program Manager I, Fiber Deployment, Cloud Networking",Google,"Addison, TX, USA",Early
"AI Sales Specialist, Corporate, Google Cloud",Google,Singapore,Mid
Data Center Services Mechanical Engineer Metro Lead,Google,"Kansas City, MO, USA",Advanced
"Software Engineer II, Corp Eng",Google,"Hyderabad, Telangana, India",Early
"Forward Deployed Engineer, Higher Education, Google Public Sector",Google,"Sunnyvale, CA, USA",Advanced
"Leadership Technical Program Manager I, Procurement Operations, Google Cloud",Google,"San Francisco, CA, USA",Advanced
"Product Solutions Lead, Agency Global Incentives",Google,"Atlanta, GA, USA",Mid
"Research Engineer, AGI Safety and Alignment, DeepMind",DeepMind,"San Francisco, CA, USA",
"Google for Education Solution Engineer (Japanese, English)",Google,"Tokyo, Japan",Mid
"Engineering Manager, ML Performance",Google,"Sunnyvale, CA, USA",Advanced
"Software Engineer III, Security/Privacy, gTech Risk",Google,"Hyderabad, Telangana, India",Mid
"Technical Program Manager II, Network Demand Planning, Cloud Infrastructure",Google,"Sunnyvale, CA, USA",Mid
"Account Strategist, Engage, GCS, Germany (German, English)",Google,"Dublin, Ireland",Early
"Senior Finance Manager, Data Center Equipment",Google,"Sunnyvale, CA, USA",Advanced
"Principal Engineer, Data Quality, AI Foundry",Google,"San Jose, CA, USA",Director+
"Business Data Scientist Intern, PhD, Summer 2027",Google,"Mountain View, CA, USA",Intern & Apprentice
"Software Engineer, GCE Control Plane, Early Careers, PhD",Google,"Warsaw, Poland",Mid
"Senior Software Engineer, AI/ML",Google,"San Jose, CA, USA",Mid
"Software Engineering Manager, GenAI, Computer Vision, Google Maps Immersive Navigation",Google,"Mountain View, CA, USA",Advanced
"Staff Site Reliability Engineer, Core Networking",Google,"Dublin, Ireland",Advanced
"Senior Research Scientist, Superconducting Digital Electronics, Quantum AI",Google,"Goleta, CA, USA",Mid
"Red Team Security Consultant, Mandiant, Google Cloud",Google,"Los Angeles, CA, USA",Mid
"Network Operations Engineer, Sovereign Operations, Hampshire",Google,"London, UK",Mid
"Opto-Mechanical Module Quality Lead, XR",Google,"Fremont, CA, USA",Advanced
"Product Deployment Engineer, gTech Ads",Google,"Sunnyvale, CA, USA",Mid
Administrative Business Partner,Google,"Stillwater, OK, USA",Early
Senior Data Center Mechanical Engineer,Google,"Ridgeville, SC, USA",Mid
"Strategic Partner Manager, Pixel for Business, Devices and Services",Google,"Bengaluru, Karnataka, India",Mid
"Field Sales Representative, Enterprise Greenfield, Energy, Google Cloud, East and South Region",Google,"New York, NY, USA",Advanced
"Product Manager, Trust, Transparency and Controls",Google,"San Francisco, CA, USA",Mid
"Product Data Scientist, Google Ads",Google,"Mountain View, CA, USA",Mid
"Part-Time Software Engineering BS/MS Intern, 2027",Google,"Tel Aviv, Israel",Intern & Apprentice
"Customer Engineer, AI, Google Cloud (Bahasa Indonesia)",Google,Singapore,Mid
"Senior Staff Software Engineer, Geometric Computer Vision, Google Beam",Google,"Seattle, WA, USA",Advanced
"Senior Leadership Technical Program Manager, AI/ML",Google,"Sunnyvale, CA, USA",Advanced
"Senior Financial Analyst, Technical Infrastructure",Google,"Sunnyvale, CA, USA",Mid
"Senior Software Engineer, Google Distributed Cloud AI",Google,"Sunnyvale, CA, USA",Mid
"Software Engineer, Google Ads",Google,Singapore,Mid
"Staff Software Engineer, Drivers and Systems Engineering",Google,"Sunnyvale, CA, USA",Advanced
"Staff Software Engineer, Google One, Subs Platform",Google,"Bengaluru, Karnataka, India",Advanced
"Software Engineering Intern, MS, Summer 2027",Google,"Mountain View, CA, USA",Intern & Apprentice
"Key Account Executive, Pharma/ISV, Google Cloud",Google,"Chicago, IL, USA",Advanced
"Key Account Executive IV, Google Cloud",Google,"New York, NY, USA",Advanced
"Product Manager, Sharing and Collaboration, Ecosystem Experiences",Google,"San Jose, CA, USA",Mid
"Research Data Scientist, Ads Insights",Google,"Mountain View, CA, USA",Mid
"Technical Program Manager III, Hardware NPI, Platforms Infrastructure",Google,"Sunnyvale, CA, USA",Mid
"Software Engineer, Safe Coding Team",Google,Singapore,Early
"Program Manager III, Fiber Operations Management, Cloud Networking",Google,"New York, NY, USA",Mid
Physical Design Engineer,Google,"Tel Aviv, Israel",Mid
"Data Center Security Manager (English, Hebrew)",Google,"Tel Aviv, Israel",Mid
"Research Scientist, Verified Code Generation, DeepMind",DeepMind,"Mountain View, CA, USA",
"Software Engineer III, Performance, AI and Infrastructure",Google,"Sunnyvale, CA, USA",Mid
Senior Analytical Lead,Google,"New York, NY, USA",Mid
"Technical Solutions Consultant, gTech (English, Korean)",Google,"Seoul, South Korea",Early
TPU Validation Manager,Google,"Mountain View, CA, USA",Advanced
"Staff Forward Deployed Engineer, Developer AI, Google Cloud",Google,Singapore,Advanced
"Senior Software Engineer, Google Health Backend",Google,"Bucharest, Romania",Mid
"Software Engineering Intern, PhD, Summer 2027",Google,"Mountain View, CA, USA",Intern & Apprentice
Privacy Assurance Testing Lead,Google,"Austin, TX, USA",Advanced
"Creator Sales Specialist (Spanish, English)",Google,"Santiago, Chile",Mid
CPU Performance Architect,Google,"Mountain View, CA, USA",Mid
"Software Engineering Manager II, Google Cloud Storage",Google,"Seattle, WA, USA",Advanced
"Senior Manager, Firmware Engineering, Modem Protocol Stack",Google,"New Taipei, Banqiao District, New Taipei City, Taiwan",Advanced
"Customer Engineer, Platform, FSI, Google Cloud (Polish)",Google,"Warsaw, Poland",Mid
"Senior Product Manager, Storage",Google,"Seattle, WA, USA",Advanced
"Partner Engineer, Google Cloud, GSI",Google,"Bengaluru, Karnataka, India",Advanced
"Customer Engineering Manager, Data Analytics, FSI, Google Cloud",Google,"New York, NY, USA",Advanced
"Global Product Senior Lead, Infra Sales AI Tools",Google,"San Francisco, CA, USA",Advanced
"Software Engineer III, AI/ML, Account Structure Intelligence",Google,"Mountain View, CA, USA",Mid
"Senior Power Integrity Engineer, Platforms Infrastructure",Google,"Sunnyvale, CA, USA",Mid
"Senior UX Designer, Search App",Google,"San Francisco, CA, USA",Mid
Staff Software Engineer,Google,"New York, NY, USA",Advanced
"Lead Group Product Manager, Ads and Commerce, Payments Risk",Google,"Mountain View, CA, USA",Advanced
Startup and Venture Capital Partnership Manager,Google,"Bengaluru, Karnataka, India",Advanced
"Senior Product Marketing Manager, Home Hardware and Solutions",Google,"Mountain View, CA, USA",Advanced
"Senior Software Engineer, Infrastructure, Spanner Analytics",Google,"Kirkland, WA, USA",Mid
"Senior Wafer Test Hardware Engineer, Raxium",Google,"Fremont, CA, USA",Mid
"Staff Research Scientist, Google Cloud AI Research",Google,"Sunnyvale, CA, USA",Advanced
"Product Strategy and Operations, Artificial Intelligence and Infrastructure",Google,"Sunnyvale, CA, USA",Mid
Package Design/Layout Engineer,Google,"Tel Aviv, Israel",Mid
"Marketing Manager, APAC YouTube Shorts",YouTube,Singapore,Mid
Technical Security and Compliance Analyst,Google,"Ottawa, ON, Canada",Mid
"Software Engineer III, Storage Analytics",Google,"Sunnyvale, CA, USA",Mid
"Principal Engineer, AI Systems Knowledge and Intelligence Engine",Google,"Kirkland, WA, USA",Director+
"Graphics Software Developer, Chrome",Google,"Montreal, QC, Canada",Mid
"Network Engineering Manager, Sovereign Operations, Google Public Sector",Google,"Reston, VA, USA",Advanced
"Senior Staff Product Data Scientist, Merchant Shopping",Google,"Mountain View, CA, USA",Advanced
"Gemini Post-training Software Engineer, DeepMind",DeepMind,"Mountain View, CA, USA",
"Customer Engineer, Google Distributed Cloud, GTM (Japanese, English)",Google,"Tokyo, Japan",Advanced
"UX Designer, Trust",Google,"New York, NY, USA",Mid
"Copyright Operations Specialist, YouTube, Trust and Safety",YouTube,Singapore,Early
Creator Brand Deal Specialist,Google,"Toronto, ON, Canada",Mid
"Staff Software Engineer, Technical Lead, Wear OS",Google,"Mountain View, CA, USA",Advanced
"Senior Technical Account Manager, Google Cloud Consulting",Google,"Austin, TX, USA",Mid
"Software Engineer, Mobile (Android)",Google,"Bengaluru, Karnataka, India",Mid
"Analytical Consultant, Germany (Fixed-Term Contract)",Google,"Hamburg, Germany",Mid
Resource Optimization and Fleet Logic Technical Lead,Google,"Sunnyvale, CA, USA",Advanced
"Technical Program Manager II, Cloud Supply Chain Services",Google,"Moncks Corner, SC 29461, USA",Advanced
"Sales Manager, LCS, Poland",Google,"Dublin, Ireland",Advanced
Debug Partnerships Manager,Google,"Bengaluru, Karnataka, India",Advanced
"Research Intern, PhD, Summer 2027",Google,"Montreal, QC, Canada",Intern & Apprentice
"Product Support Manager, Shopping Product Support Excellence",Google,"Sunnyvale, CA, USA",Mid
"Lead, Regulatory Affairs and Customer Assurance",Google,"Sydney NSW, Australia",Advanced
"AI Innovation Engineer, Google Cloud",Google,"Frankfurt, Germany",Advanced
"Supply Chain Program Manager, Pixel",Google,"New Taipei, Banqiao District, New Taipei City, Taiwan",Mid
Ads Solutions Engineering Manager,Google,"Bengaluru, Karnataka, India",Advanced
"Customer Growth Associate, Google Customer Solutions, University Graduate, 2027 Start (English)",Google,"San Francisco, CA, USA",Early
"Customer Engineer III, Platform, Google Cloud",Google,"Sunnyvale, CA, USA",Advanced
"People Consultant, Onsite Data Center",Google,"Council Bluffs, IA, USA",Mid
"Product Manager, Consumer Shopping, Visual Inspiration",Google,"New York, NY, USA",Mid
"Research Scientist, Modeling of Readout and Reset, Quantum",Google,"Goleta, CA, USA",Mid
"Head of Scaled Business Sales, Google Customer Solutions",Google,"Bangkok, Thailand",Advanced
"Community Development Manager, Strategic Partnerships Office",Google,"Hanau, Germany",Advanced
"Product Support Manager, Google Fi",Google,"Boulder, CO, USA",Mid
"SoC Test Engineer Lead, Google Cloud",Google,"Tel Aviv, Israel",Advanced
"Associate Corporate Counsel, SEA",Google,Singapore,Advanced
"Software Engineer III, Multimodal Agentic AI, XR",Google,"San Jose, CA, USA",Mid
"Software Engineer III, Infrastructure, Google Cloud Platforms",Google,"Kirkland, WA, USA",Mid
"Administrative Business Partner, Health and Home",Google,"Mountain View, CA, USA",Mid
"Product Solutions Engineer, gUp Shopping",Google,"Atlanta, GA, USA",Mid
"Software Engineer, Google Payments, Growth",Google,Singapore,Mid
"Internal Communications Manager, Platforms and Devices Marketing",Google,"Mountain View, CA, USA",Mid
"Forward Deployed Engineer III, Generative AI, Google Cloud",Google,"New York, NY, USA",Mid
"Software Engineering Manager, XR Graphics",Google,"San Jose, CA, USA",Advanced
"Forward Deployed Engineering Manager, GenAI, Cloud Consulting, LATAM (English, Portuguese/Spanish)",Google,"São Paulo, Brazil",Advanced
"Account Executive, Mid-Market Sales, Google Customer Solutions (German Market)",Google,"Dublin, Ireland",Mid
"Data Center Facilities Technician II, Controls",Google,"Muskogee, OK, USA",Early
SAP Applications Engineering Manager,Google,"Hyderabad, Telangana, India",Advanced
"Research Engineer, Generative Media",Google,"Tel Aviv, Israel",Mid
"Administrative Business Partner III, Google Cloud Business Platform",Google,"Sunnyvale, CA, USA",Mid
"Analytical Consultant, Digital First",Google,"Munich, Germany",Mid
AI Sales Specialist,Google,"Bengaluru, Karnataka, India",Mid
"Photonic Engineer, Platforms Infrastructure",Google,"Sunnyvale, CA, USA",Mid
"ERM and Policy Analyst, Risk Assessment",Google,"Chicago, IL, USA",Mid
"Programmatic Account Executive, Retail",Google,"Chicago, IL, USA",Advanced
"Business Data Scientist, gUP",Google,"Dublin, Ireland",Mid
"Account Strategist, Google Customer Solutions",Google,"Gurugram, Haryana, India",Early
"Staff Forward Deployed Engineer, Developer AI, Google Cloud",Google,Singapore,Advanced
"Senior Operational Program Manager, AI Safety and Behavior, DeepMind",DeepMind,"Mountain View, CA, USA",
"Administrative Business Partner, YouTube SRE",YouTube,"San Bruno, CA, USA",Mid
"DV360 Specialist, Google Customer Solutions, Benelux",Google,"Dublin, Ireland",Mid
"Data Center Facilities Technician, Generators",Google,"Horndal, Sweden",Early
"Strategic Partnerships Development Manager, Android Ecosystem Partnerships",Google,Singapore,Mid
"Video Vertical Lead, Technology, Large Customer Sales",Google,"New York, NY, USA",Mid
"Forward Deployed Engineering Manager, AI, Google Cloud",Google,Singapore,Advanced
"Security Sales Specialist, Google Cloud",Google,"Jakarta, Indonesia",Advanced
"Product Deployment Engineer, gTech Ads, Search, Shopping",Google,"New York, NY, USA",Mid
"Offensive Security Consultant, Google Cloud, Mandiant Consulting (Japanese, English)",Google,"Tokyo, Japan",Mid
Data Center Technician,Google,"Stillwater, OK, USA",Early
Indonesian Language Manager,Google,"Jakarta, Indonesia",Mid
"Customer Engineering Manager III, Mid-Market Enterprise, Google Cloud",Google,"New York, NY, USA",Advanced
"Product Marketing Manager, Developer Programs, Google Cloud",Google,"São Paulo, State of São Paulo, Brazil",Mid
"Information Technology Apprenticeship, February 2027 Start",Google,"Austin, TX, USA",Intern & Apprentice
"Consulting Account Lead (Japanese, English)",Google,"Tokyo, Japan",Advanced
"Student Researcher, BS/MS, Winter-Summer 2027",Google,"Montreal, QC, Canada",Intern & Apprentice
"Account Manager, Scaled Business Sales",Google,"Bangkok, Thailand",Early
"Staff Software Engineer, Pixel Audio Systems",Google,"Mountain View, CA, USA",Advanced
"Business Program Manager, Data Center Operations",Google,"Monrovia, IN, USA",Early
"Senior Manager, Government Affairs and Public Policy",Google,"Jakarta, Indonesia",Advanced
"Senior Staff Tech Lead Manager, Generative AI, Search Personalization",Google,"Mountain View, CA, USA",Advanced
"Senior UX Researcher, Retail Ads Consumer",Google,"New York, NY, USA",Mid
"Silicon Backend CAD Engineer III, Silicon",Google,"Bengaluru, Karnataka, India",Mid
"Staff Software Engineer, GCE Fleet Deployment Platform",Google,"Seattle, WA, USA",Advanced
Data Center Facilities Manager,Google,"Reno, NV, USA",Mid
"Customer Engineer II, Platform, Google Cloud",Google,"Mumbai, Maharashtra, India",Mid
"Senior Software Engineer, AI/ML, Labs Garage",Google,"Mountain View, CA, USA",Mid
"Staff Research Data Scientist, Search Ads in AI Experiences",Google,"Mountain View, CA, USA",Advanced
"Collections Associate, Cash and Accounts Receivable Management",Google,"Chicago, IL, USA",Early
"Strategic Partner Development Lead, Payments Partnerships",Google,"New York, NY, USA",Mid
"Machine Learning Hardware Architect, Hardware, Software Co-Design, Google Cloud",Google,"Tel Aviv, Israel",Advanced
"Account Strategist, Mid-Market Sales, Google Customer Solutions (English, Japanese)",Google,"Tokyo, Japan",Early
"Engineering Manager, Workspace Search Quality",Google,"Bengaluru, Karnataka, India",Advanced
"Quantitative Researcher, Core Data UX",Google,"Seattle, WA, USA",Mid
"Senior Staff Software Engineer, Cloud AI, Agent Governance",Google,"Sunnyvale, CA, USA",Advanced
"Student Researcher Program Manager, Talent Engagement",Google,"London, UK",Mid
"Senior Data Scientist, AI Subscriptions",Google,"Mountain View, CA, USA",Mid
"Server Qualification Engineer, Google Cloud",Google,"Taipei, Taiwan",Mid
"Google Workspace Sales Specialist, New and Expansion (Japanese)",Google,"Tokyo, Japan",Mid
"Software Engineer, IT Infrastructure",Google,"Fremont, CA, USA",Mid
"Senior Research Scientist, AI Safety and Security",Google,Singapore,Mid
"Strategic Partnerships Development Manager, Google Pay",Google,"Bengaluru, Karnataka, India",Mid
"Engineering Manager, Network Management",Google,"Sunnyvale, CA, USA",Advanced
"Senior Intelligence Analyst, Google Intelligence Service Delivery",Google,United Kingdom,Mid
"Technical Solutions Engineer I, Scaled Solutions",Google,"Eemshaven, Netherlands",Mid
"Product Strategy and Operations Chief of Staff and External Engagement Lead, Google Education",Google,"Mountain View, CA, USA",Advanced
"Technical Program Manager III, Dynamic Access, Core",Google,"San Jose, CA, USA",Mid
"Senior Analytical Lead, Large Customer Sales",Google,"San Francisco, CA, USA",Mid
"Software Engineering Manager, Google Cloud TPU",Google,"Tel Aviv, Israel",Advanced
"Strategic Partner Development Lead, Chrome Growth and Distribution",Google,"Mountain View, CA, USA",Mid
"Technical Program Manager, Global Infrastructure and Energy, Commercial and Business Operations",Google,"Thornton, CO, USA",Mid
"Software Engineering Manager II, Google Cloud",Google,"Bengaluru, Karnataka, India",Advanced
"Security Engineering Intern, BS/MS, Summer 2027",Google,"Mountain View, CA, USA",Intern & Apprentice
"Senior Staff Software Engineer, Accelerator Platforms",Google,"Sunnyvale, CA, USA",Advanced
"Head of Research and Development Engineering, Debug",Google,Singapore,Advanced
"Technical Program Manager III, Infrastructure NPI, Google Cloud",Google,"Kirkland, WA, USA",Mid
"Senior Data Center Facilities Technician, Mechanical",Google,"Kronstorf, Austria",Early
"Software Engineer III, Embedded Systems/Firmware, Platforms Infrastructure Engineering",Google,"Sunnyvale, CA, USA",Mid
Senior DFT Lead,Google,"Tel Aviv, Israel",Advanced
"Engineering Manager, Information Retrieval",Google,"Bengaluru, Karnataka, India",Advanced
"Regulatory and Litigation Counsel, Competition Defense",Google,"London, UK",Advanced
"Server Operations Manager, Data Center",Google,"Haskell, TX, USA",Mid
"Senior Staff Software Engineering Architect, XR iOS",Google,"San Jose, CA, USA",Advanced
"Data Center Facilities Technician, Mechanical II",Google,"Fredericia, Denmark",Early
"Technical Program Manager, AI/ML, Cloud Supply Chain Operations",Google,"Bengaluru, Karnataka, India",Mid
"Technical Program Manager III, Advanced Analytics, Google Data Center",Google,"Seattle, WA, USA",Mid
Field Sales Representative (Turkish),Google,"Istanbul, İstanbul, Türkiye",Advanced
"Senior Technical Program Manager, Search AI Security",Google,"Mountain View, CA, USA",Advanced
"Technical Program Manager, Google Chat, Agentic Quality Workspace",Google,"Sunnyvale, CA, USA",Advanced
"Software Engineer, Embedded Systems/Firmware, Pixel Display",Google,"Mountain View, CA, USA",Mid
"Staff Software Engineer, Customer Services Edge, Google Global Infrastructure",Google,"Sunnyvale, CA, USA",Advanced
"Senior Software Engineer, Android, ChromeOS",Google,"San Jose, CA, USA",Mid
"Senior Analyst, Google Threat Intelligence, Mandiant",Google,Singapore,Mid
"Site Reliability Manager, Memorystore",Google,"Bengaluru, Karnataka, India",Advanced
"Consumer Product Support Manager, gUP Search",Google,"Boulder, CO, USA",Mid
"Workspace Sales Specialist III, Greenfield, Cloud",Google,"New York, NY, USA",Advanced
"Tech Lead Manager, Google Maps Platform",Google,"Seattle, WA, USA",Advanced
Data Center Technician II,Google,"Saint George, SC, USA",Early
"Program Manager, Supply Chain, Networking Infrastructure Parts",Google,"Bengaluru, Karnataka, India",Mid
Tax Data Systems and Process Analyst,Google,"Chicago, IL, USA",Mid
"Security Engineer, Google Cloud (Japanese, English)",Google,"Tokyo, Japan",Mid
"Security Consultant Intern, BS/MS, Summer 2027",Google,"Toronto, ON, Canada",Intern & Apprentice
"Context Technical Program Manager, Core",Google,"San Jose, CA, USA",Advanced
"Associate Product Marketing Manager, APAC",Google,"Tokyo, Japan",Early
"YouTube Music and Podcasts Lead, Product Strategy and Operations",YouTube,"San Bruno, CA, USA",Mid
"Brand Marketing Manager, AI Education, Consumer Apps Marketing",Google,"New York, NY, USA",Mid
"Customer Engineer, Application Modernization, Google Cloud (Japanese, English)",Google,"Tokyo, Japan",Mid
"Associate Account Manager, Large Customer Sale (English)",Google,"Taipei, Taiwan",Early
"Staff Driver Safety UX Researcher, Android for Auto",Google,"San Jose, CA, USA",Advanced
"Data Center Logistics Operations Manager, Google Cloud",Google,"Midlothian, TX, USA",Mid
CPU Power Modeling Engineer,Google,"Austin, TX, USA",Mid
"Platform Solution Architect III, Google Cloud",Google,"Vancouver, BC, Canada",Advanced
"Strategic Negotiator, Data Center Leasing and Investments",Google,"San Francisco, CA, USA",Mid
Technical Operations Regional Lead,Google,Singapore,Mid
"Software Engineer, Systems Research, PhD, Early Career",Google,"Sunnyvale, CA, USA",Mid
"Hardware/Silicon Engineering PhD Intern, 2027",Google,"Tel Aviv, Israel",Intern & Apprentice
"Senior Software Engineer, Google Cloud",Google,"Bengaluru, Karnataka, India",Mid
Business Finance Analyst,Google,"Gurugram, Haryana, India",Mid
"Senior Technical Program Manager, Third-Party Data Center Construction and Delivery",Google,Singapore,Advanced
"Senior Software Engineer, AI/ML, Creative Intelligence",Google,"Mountain View, CA, USA",Mid
"Business Development Manager, New Business Sales, Gaming (Chinese, English)",Google,"Shenzhen, Guangdong Province, China",Early
"Software Engineering Manager, People with Disabilities",Google,"Belo Horizonte, State of Minas Gerais, Brazil",Advanced
"Senior Network Engineer, Global Network Edge",Google,"Sunnyvale, CA, USA",Mid
"Staff Mechanical Engineer, Debug",Google,Singapore,Advanced
"Account Manager, Small/Medium Businesses, Google Cloud",Google,"Austin, TX, USA",Mid
"Associate Corporate Counsel, Cloud Legal",Google,"Toronto, ON, Canada",Advanced
"Agentic Data Cloud Sales Specialist, Google Cloud",Google,"New York, NY, USA",Advanced
"Security Engineer, Google Threat Intelligence",Google,"Sydney NSW, Australia",Mid
"Data Center Facilities Technician, Electrical",Google,"Sterling, VA, USA",Early
Senior Software Engineer,Google,"Addison, TX, USA",Mid
"Senior Test Engineer, CMOS Backplane, Raxium",Google,"Fremont, CA, USA",Mid
"Staff UX Engineer, iOS Development, Search",Google,"Mountain View, CA, USA",Advanced
Strategic Industry Pursuit Lead,Google,Singapore,Advanced
"Program Manager III, Transportation Category Management, Cloud Supply Chain",Google,"Atlanta, GA, USA",Mid
"Software Engineer, Generative Media AI, Apparel ML",Google,"Mountain View, CA, USA",Mid
"Data Center Technician II, Server Operations",Google,"Stillwater, OK, USA",Early
"Cloud Engineer, AI/ML, Global Services Delivery, Google Cloud",Google,"Austin, TX, USA",Mid
"Strategy and Insights Manager, Apps, Large Customer Sales (English, Mandarin)",Google,"Beijing, China",Mid
"Field Sales Representative, Digital Native, Google Cloud (Japanese)",Google,"Tokyo, Japan",Mid
"Senior Software Engineer, Infrastructure, YouTube Ads Serving Infrastructure",YouTube,"Mountain View, CA, USA",Mid
Staff Product Design Engineer,Google,"New Taipei, Banqiao District, New Taipei City, Taiwan",Advanced
"Spend Manager, gUp",Google,"Boulder, CO, USA",Mid
"Partner Solutions Engineer, Chrome and Web Ecosystems (English, Portuguese, Spanish)",Google,"São Paulo, Brazil",Mid
"Software Engineer III, Infrastructure, Core Labs",Google,"San Jose, CA, USA",Mid
"Data Center Engineering Intern, BS/MS, Summer 2027",Google,"Mountain View, CA, USA",Intern & Apprentice
"Senior Tech Lead Manager, Agentic Platform for Search Verticals",Google,"Mountain View, CA, USA",Advanced
"Staff Software Engineer, Full Stack (Agent Registry/App Hub)",Google,"Sunnyvale, CA, USA",Advanced
"Media Solutions Search Expert, gTech (English, Hebrew)",Google,"Dublin, Ireland",Mid
"Software Engineer III, Infrastructure, Google Cloud Global Networking",Google,"Sunnyvale, CA, USA",Mid
"Customer Engineer, Cloud AI, AI Natives, Google Cloud",Google,"San Francisco, CA, USA",Mid
"Account Strategist, Small Business Sales, Google Customer Solutions",Google,"Los Angeles, CA, USA",Early
"Engagement Manager, gTech Ads, GRCN (English, Mandarin)",Google,"Beijing, China",Mid
"Forward Deployed Engineer III, Generative AI, Google Cloud",Google,"Stockholm, Sweden",Mid
"Staff Forward Deployed Engineer, Google Cloud Consulting",Google,"Dublin, Ireland",Mid
Data Center Operations Manager,Google,"Amarillo, TX, USA",Mid
Data Center Operations Manager,Google,"Atlanta, GA, USA",Mid
"Engineering Manager, AI/ML Training Infra",Google,"Sunnyvale, CA, USA",Advanced
"Strategy and Operations Lead, Analytics and AI, Global Top Partners",Google,"San Francisco, CA, USA",Mid
"Technical Solutions Engineer, Data",Google,"Paris, France",Mid
"Senior Account Executive, Large Customer Sales",Google,"San Francisco, CA, USA",Mid
"Software Engineer, Flexibility Advisory",Google,"Warsaw, Poland",Mid
"Research Scientist, AI Safety and Security",Google,Singapore,Mid
"Software Engineer, Google Wallet, Multimodal Intelligence",Google,Singapore,Early
Administrative Business Partner II,Google,"Haskell, TX, USA",Early
"Director, Mid-Market Sales, Commerce",Google,"New York, NY, USA",Director+
"Software Engineer, Front End, Pomelli",Google,"Mountain View, CA, USA",Mid
"Practice Customer Engineer, Data Analytics, Startups, Google Cloud",Google,"New York, NY, USA",Advanced
"Senior Technical Program Manager II, AI Transformation, Core Systems",Google,"San Jose, CA, USA",Advanced
Data Center Technician II,Google,"Ridgeville, SC, USA",Early
"Product Marketing Manager, Ads Marketing (Multiple Languages)",Google,"Ho Chi Minh City, Ho Chi Minh, Vietnam",Mid
"Strategic Negotiator, Global Network Acquisitions",Google,"London, UK",Mid
"Software Engineer, AI/ML, PhD, Early Career, 2026",Google,"Bengaluru, Karnataka, India",Mid
"Data Center Facilities Technician, Controls",Google,"West Memphis, AR, USA",Early
"Delivery Executive, Google Cloud Consulting, Telco",Google,"Toronto, ON, Canada",Advanced
"Senior Software Engineer, Mobile (Android), YouTube",YouTube,"San Bruno, CA, USA",Mid
"Engineering Manager, Woodshed",Google,"Pittsburgh, PA, USA",Advanced
"Executive Recruiting Researcher, Google Cloud",Google,"Chicago, IL, USA",Mid
Google Store Sales Operations Lead,Google,Singapore,Mid
"Engineering Manager, Google Cloud",Google,"Bengaluru, Karnataka, India",Advanced
Cloud Executive Recruiter,Google,"Mountain View, CA, USA",Advanced
"Senior Operations Manager, Wafer Fabrication, Raxium",Google,"Fremont, CA, USA",Advanced
"Government Affairs and Public Policy Manager, Regional Strategy",Google,Singapore,Advanced
"Senior Product Manager, AI Operations, Google Distributed Cloud",Google,"Sunnyvale, CA, USA",Mid
"Account Strategist, Mid-Market Sales",Google,"Bangkok, Thailand",Mid
"Technology Auditor, Internal Audit, Cloud",Google,"Sunnyvale, CA, USA",Mid
"Senior Software Engineer, Full Stack",Google,"Boulder, CO, USA",Mid
"YouTube Product Strategy and Operations Lead, YouTube Growth Platform",YouTube,"San Bruno, CA, USA",Mid
"Technical Program Manager III, Fiber Capacity and Delivery, Cloud Networking",Google,"New York, NY, USA",Mid
Senior CAD Engineer,Google,"Tel Aviv, Israel",Mid
"Senior Product Manager, Data Commons Infrastructure",Google,"Bengaluru, Karnataka, India",Advanced
"Product Manager, Search Ads in AI Experiences",Google,"Zürich, Switzerland",Mid
"System Level Test Product Owner, Google Cloud",Google,"Sunnyvale, CA, USA",Mid
"Senior Staff Software Engineer, Search Platforms, GenAI Content",Google,"Mountain View, CA, USA",Advanced
"Partner Forward Deployed Engineering Manager III, GenAI, Google Cloud",Google,Singapore,Advanced
"Silicon Engineer, Platform and Devices, University Graduate, 2026",Google,"Bengaluru, Karnataka, India",Early
"Software Engineering Manager, Looker, Google Cloud",Google,"Hyderabad, Telangana, India",Advanced
"Senior Product Manager, Enterprise Data Governance",Google,"San Jose, CA, USA",Advanced
"Software Engineer III, Mobile (iOS), YouTube",YouTube,"San Bruno, CA, USA",Mid
"Principal Account Executive, Retail, Large Customer Sales",Google,"New York, NY, USA",Advanced
"AI Sales Specialist, Retail and CPG, Google Cloud, United Kingdom and Ireland",Google,"London, UK",Advanced
"Senior Product Design Engineer, Pixel Accessories",Google,"Mountain View, CA, USA",Mid
"Customer Engineer, Cloud AI, Google Cloud",Google,"Sunnyvale, CA, USA",Advanced
"Engineering Manager, Agentic Policies Platform",Google,"San Francisco, CA, USA",Advanced
"Senior Software Engineering Manager, Machine Learning, Maps",Google,"Mountain View, CA, USA",Advanced
"Program Manager, Data Center Services",Google,"London, UK",Mid
"Director, Regulatory Affairs, Content Advisory",Google,"London, UK",Director+
"Government Affairs and Public Policy Manager, Knowledge and Information",Google,Singapore,Mid
"Senior Staff Technical Program Manager, Custom Silicon",Google,"Mountain View, CA, USA",Advanced
"SMB Account Manager, Gemini Enterprise and Google Workspace, Italy",Google,"Dublin, Ireland",Early
"Image Signal Processor System Modeling Engineer, Silicon",Google,"Zhubei, Zhubei City, Hsinchu County, Taiwan",Mid
"Tech Lead, Software Engineering (For Women in Tech Candidates)",Google,"Belo Horizonte, State of Minas Gerais, Brazil",Advanced
"Strategic Partner Development Senior Associate, Sports and Streaming Partnerships",Google,"New York, NY, USA",Mid
"Product Excellence Manager, YouTube Ads",YouTube,"Dublin, Ireland",Mid
"Machine Learning Hardware Architect, Google Cloud",Google,"Sunnyvale, CA, USA",Mid
"Applied Solutions Architect, Google Cloud",Google,"Beijing, China",Mid
"Regulatory Counsel, Privacy",Google,"San Francisco, CA, USA",Advanced
"Associate Product Counsel, Networking and Infrastructure",Google,"Washington D.C., DC, USA",Advanced
"Account Manager, Gaming and Apps, Large Customer Sales (English, Vietnamese)",Google,"Ho Chi Minh, Vietnam",Early
IT Infrastructure Engineer III (Technicien Systèmes et Réseaux),Google,"Farciennes, Belgium",Early
"Software Engineer III, AI/ML, Google Cloud Storage",Google,"Seattle, WA, USA",Mid
"Technical Operations Regional Lead, EMEA",Google,"London, UK",Mid
"Software Engineer III, Search Data and ML Platform",Google,"Mountain View, CA, USA",Mid
"Senior Design Engineer, Networking, Google Cloud",Google,"Haifa, Israel",Mid
"Technical Program Manager III, Technical Risk, gTech",Google,"Sunnyvale, CA, USA",Mid
"Senior Analyst, Trust and Safety, Ads Content Safety",Google,"Kirkland, WA, USA",Mid
"Program Manager, Audio Visual Deployments",Google,Singapore,Mid
"Software Engineer, Mobile (iOS), Google Maps Platform",Google,"Mountain View, CA, USA",Mid
"Software Engineering Manager, Google Messages, Data Analytics",Google,"Kraków, Poland",Advanced
"Applied Solutions Architect, Google Cloud",Google,"Bengaluru, Karnataka, India",Mid
"Customer Onboarding Strategist, Acquisitions, Google Customer Solutions (Mandarin, English)",Google,"Shanghai, China",Early
"Product Strategy and Operations Specialist, Google Education",Google,"Mountain View, CA, USA",Mid
"Agentic Transformation Consultant, Delta, Google Cloud Consulting (Japanese, English)",Google,"Tokyo, Japan",Advanced
"Search Ads 360 Account Manager, LCS, Financial Services",Google,"New York, NY, USA",Mid
"Silicon Validation Product Engineer, Google Cloud",Google,"Sunnyvale, CA, USA",Mid
"Practice Customer Engineer, Migrations, Infrastructure and App",Google,"Seoul, South Korea",Advanced
"Staff Site Reliability Engineer, AQI Data SRE",Google,"Pittsburgh, PA, USA",Advanced
TPU PCIe Design Lead,Google,"Sunnyvale, CA, USA",Advanced
"Data Center Facilities Technician II, Electrical",Google,"Frankfurt, Germany",Early
"Technical Solutions Engineer I, Infrastructure, Kubernetes, Google Cloud",Google,"Warsaw, Poland",Mid
"Senior Staff Tech Lead, YouTube Agentic Video Editing and Generation",YouTube,"Mountain View, CA, USA",Advanced
"Director, Environmental, Health, and Safety Construction",Google,"Atlanta, GA, USA",Director+
"Software Engineering Manager, Site Reliability Engineering, BigQuery, Google Cloud",Google,"Warsaw, Poland",Advanced
"Senior Product Manager, AI Model Safety, Google Cloud AI",Google,"Sunnyvale, CA, USA",Advanced
"Senior Staff Performance Codesign Engineer, TPU",Google,"Sunnyvale, CA, USA",Advanced
"Technical Program Manager, NPI, AI/ML (GPU) Systems",Google,"Sunnyvale, CA, USA",Advanced
"Senior Lead Strategic Negotiator, Energy and Power",Google,"Mumbai, Maharashtra, India",Advanced
"Software Engineer, Android",Google,"Cambridge, MA, USA",Mid
"Research Scientist, World Models, DeepMind",DeepMind,"London, UK",
"Workspace Sales Specialist III, Enterprise, Startups, Google Cloud",Google,"Atlanta, GA, USA",Advanced
"Industry Manager, Retail, Home and Living Team (Fixed-Term Contract) (German)",Google,"Hamburg, Germany",Mid
"Global Data Transformation Lead, Large Customer Sales",Google,"New York, NY, USA",Advanced
"Packaging Design Engineer, Platforms Infrastructure Engineering",Google,"Sunnyvale, CA, USA",Mid
"Venture Capital Business Development Executive, Google Cloud",Google,"London, UK",Advanced
"ASIC Design Verification Engineer, Digital Signal Processing",Google,"Sunnyvale, CA, USA",Mid
"Product Manager, Nitrate Express",Google,"San Bruno, CA, USA",Mid
"Technical Program Manager, Network Capacity Planning",Google,"Bengaluru, Karnataka, India",Mid
Regional Building Technologies and OT Operations Specialist,Google,"New York, NY, USA",Advanced
"Software Engineer, EngProd, Google One and Google Photos",Google,"Bengaluru, Karnataka, India",Advanced
"Senior Analyst, Government Affairs and Public Policy, YouTube",YouTube,Singapore,Mid
"Staff AI/ML Engineer, AI Rapid Response Team",Google,"Mountain View, CA, USA",Advanced
"Senior Video Account Manager, LCS Retail",Google,"Cambridge, MA, USA",Mid
"Commercial and Partner Team Leader, PSO",Google,"London, UK",Advanced
"Software Engineering Manager II, Google Distributed Cloud Hosted",Google,"Sunnyvale, CA, USA",Advanced
"Senior Finance Manager, Technical Infrastructure Finance",Google,"Sunnyvale, CA, USA",Advanced
Finance Analyst,Google,"New York, NY, USA",Mid
"Offensive Security Consultant, Mandiant Consulting, Google Cloud",Google,"Tokyo, Japan",Mid
"Software Engineer, Automated Correctness and Testing, DeepMind",DeepMind,"Zürich, Switzerland",
"Senior Software Engineer, Cloud Datastream and Database Migration Service",Google,"Tel Aviv, Israel",Mid
"Open Career Opportunities, Autonomous (Self-Driving) Vehicle Jobs, Waymo",Waymo,"Novi, MI, USA",
"Customer Engineer, Platform, Mountain West",Google,"Portland, OR, USA",Advanced
"Kỹ sư quản lý chất lượng sản phẩm, Nhóm Phần cứng",Google,"Hanoi, Vietnam",Mid
"Staff Interaction Designer, Agentic Docs",Google,"New York, NY, USA",Advanced
"Product Manager, Geo Auto Data Platform",Google,"Seattle, WA, USA",Advanced
"RTL Design Engineer, TPU",Google,"Sunnyvale, CA, USA",Mid
"Forward Deployed Engineer, Geo Auto",Google,"Mountain View, CA, USA",Mid
"Analytical Consultant, Retail (Fixed-Term Contract) (German, English)",Google,"Hamburg, Germany",Mid
"Silicon Validation Engineer AI/ML, Google Cloud",Google,"Bengaluru, Karnataka, India",Early
"Software Engineering Manager II, Infrastructure, Google Cloud",Google,"Boulder, CO, USA",Advanced
"Design Verification Engineer, PhD, Early Career",Google,"Bengaluru, Karnataka, India",Mid
"Software Engineer III, Data Protection Acceleration",Google,"Zürich, Switzerland",Mid
"Staff Software Engineer, Google Play",Google,"Nairobi, Kenya",Advanced
"Senior Full Stack Engineer, Cloud Composer and Dataform",Google,"Warsaw, Poland",Mid
"Silicon Engineering Intern, PhD, Summer 2027",Google,"Bengaluru, Karnataka, India",Intern & Apprentice
"Software Engineer, Google Enterprise Network",Google,"Bengaluru, Karnataka, India",Advanced
"SoC DFT Technical Manager, Google Cloud",Google,"Bengaluru, Karnataka, India",Advanced
"Senior Leadership Technical Program Manager, Customer Experience, Global Infrastructure",Google,"Sunnyvale, CA, USA",Advanced
"Staff Interaction Designer, YouTube XR",YouTube,"San Bruno, CA, USA",Advanced
"Account Executive, Affiliates and Publishers, New Business Sales, UKI (English)",Google,"Dublin, Ireland",Early
"Senior Hardware Power Test Engineer, Platforms Infrastructure",Google,"Sunnyvale, CA, USA",Mid
"Staff Software Engineer, Pixel Performance",Google,"New Taipei, Banqiao District, New Taipei City, Taiwan",Advanced
"Outcome Customer Engineer, AI, Google Cloud",Google,"Seoul, South Korea",Advanced
"Technical Lead, Cluster Management System",Google,"Warsaw, Poland",Mid
"Product Strategy and Operations Principal, Cloud AI",Google,"Sunnyvale, CA, USA",Advanced
"Customer Solutions Architect, Digital Natives, Google Cloud",Google,"Beijing, China",Advanced
"Staff Software Engineer, Inference Performance Optimization, GenAI, DeepMind",DeepMind,"Mountain View, CA, USA",
"Technical Program Manager III, Strategic Workforce Solutions, Cloud Networking",Google,"Addison, TX, USA",Mid
"Data Center Technician II, Evening Shift",Google,"Ridgeville, SC, USA",Early
"Technical Program Manager, Pixel Core Platform Software",Google,"Warsaw, Poland",Mid
"Software Engineer III, Centerpiece",Google,"Zürich, Switzerland",Mid
"Program Manager II, Automation Equipment Category Management, Cloud Supply Chain",Google,"Atlanta, GA, USA",Mid
"Senior Staff Software Engineer, Gemini",Google,"Sunnyvale, CA, USA",Advanced
"Senior Software Engineer, AI/ML, Google Research",Google,"Mountain View, CA, USA",Mid
"Engineering Analyst, Account and Device Intelligence",Google,"Zürich, Switzerland",Mid
"Program Manager II, Supply Chain Operations, Cloud",Google,"Atlanta, GA, USA",Mid
"Software Engineer, Model Inference, DeepMind",DeepMind,"London, UK",
"Analyst, Social and Escalations, Operational Metrics and Performance",Google,"New York, NY, USA",Mid
"Principal Engineer, Cloud Surfaces",Google,"Sunnyvale, CA, USA",Director+
"Senior Strategist, Scams and Verification Trust and Safety",Google,"Seattle, WA, USA",Mid
"Senior Equipment Engineer, Wet Chemical Process, Raxium",Google,"Fremont, CA, USA",Mid
Search Quality Analyst,Google,"San Bruno, CA, USA",Early
"Strategy and Operations Lead, GTM",Google,"New York, NY, USA",Mid
"Software Engineer, Content Safety, AI Transformation Enablement",Google,Singapore,Mid
"Security Sales Specialist, SLED, Google Public Sector",Google,"Raleigh, NC, USA",Advanced
"Practice Customer Engineer, Migrations, Infrastructure and App (Cantonese, Mandarin, English)",Google,Hong Kong,Advanced
Workplace Services Manager,Google,"San Jose, CA, USA",Mid
"UX Manager, Messages Monetization and Protection",Google,"Kirkland, WA, USA",Advanced
"Open Sales Career Opportunities, CapitalG Portfolio Companies",Google,"Mountain View, CA, USA",Intern & Apprentice
"Data Center Operations Manager, Third Party Data Centers",Google,"Red Oak, TX, USA",Mid
"Senior Economist, Economic Impact Estimation",Google,"Reston, VA, USA",Mid
"Principal Strategy and Insights Lead, LATAM (English, Spanish)",Google,"Mexico City, CDMX, Mexico",Mid
"Software Engineer, Rapid Innovation, Google Public Sector",Google,"Reston, VA, USA",Mid
"Wafer Fab Training Coordinator, Raxium",Google,"Fremont, CA, USA",Mid
"Account Manager, Retail, Large Customer Sales (English, Mandarin)",Google,"Shanghai, China",Early
"Software Engineer, Performance, Reliability, Observability, PhD, Early Career",Google,"Warsaw, Poland",Mid
"Sales Manager, Accelerated Growth Team, Google Customer Solutions (English, Japanese)",Google,"Tokyo, Japan",Advanced
"Firmware Engineer, Modem/Telephony Protocol and AI Automation",Google,"London, UK",Mid
"Field Sales Representative, Capital Markets, Google Cloud",Google,Singapore,Advanced
"Product Marketing Manager, Industry Events",Google,"New York, NY, USA",Mid
Data Application Engineer,Google,"Bengaluru, Karnataka, India",Mid
"Software Engineer III, iOS XR",Google,"Seattle, WA, USA",Mid
"Technology Auditor, Internal Audit",Google,"Sunnyvale, CA, USA",Mid
"Senior Software Engineer, Embedded Systems, Pixel Core Bring Up",Google,"Warsaw, Poland",Mid
"Senior Strategic AppSec Consultant, Mandiant, Google Cloud",Google,"New York, NY, USA",Mid
Data Center Technician,Google,"Haskell, TX, USA",Early
"Director, Product Management, Growth and Monetization, Google Maps",Google,"Mountain View, CA, USA",Director+
"Staff Software Engineer, AI and Infrastructure",Google,"Sunnyvale, CA, USA",Advanced
"Staff Software Engineer, Google Cloud Compute, Performance",Google,"Seattle, WA, USA",Advanced
"Software Engineer, Compilers, Runtimes and Toolchains, Early Career",Google,"Mexico City, CDMX, Mexico",Early
"AI Technical Enablement Lead, Forward Deployed Engineering",Google,Singapore,Mid
"Senior Software Engineer, Machine Learning, Debug",Google,Singapore,Mid
"Senior Technical Program Manager, Enterprise Architect, Business Process Modeling Lead",Google,"Austin, TX, USA",Advanced
"Student Researcher, BS/MS, Winter-Summer 2027",Google,"Waterloo, ON, Canada",Intern & Apprentice
"Business Operations Program Manager, Third Party Data Center Operations",Google,"Wilmer, TX, USA",Mid
"Regional Lead, Market Development and Government Affairs, Google Cloud",Google,"Wyoming, USA",Advanced
"Senior Incident Response Consultant, Mandiant, Google Cloud",Google,"New York, NY, USA",Mid
"Regional Program Manager, Google Customer Solutions",Google,Singapore,Mid
"Technical Program Manager, Google Pay, Recurring Payments",Google,"Bengaluru, Karnataka, India",Mid
"Senior Datacenter Engineer, Electrical Engineering",Google,"Groningen, Netherlands",Mid
"Distinguished Engineer, Google Product Site Reliability",Google,"Mountain View, CA, USA",Director+
"Key Account Executive, Telco, Google Cloud (Japanese)",Google,"Tokyo, Japan",Advanced
"Senior Software Engineer, Google Cloud Generative AI Blackbelt Team",Google,"Stockholm, Sweden",Mid
"SMB Channel Sales Manager, Google Cloud",Google,"Gurugram, Haryana, India",Mid
Power Systems Engineer,Google,"Reston, VA, USA",Advanced
"Product Manager II, YouTube Data, AI Insights",YouTube,"San Bruno, CA, USA",Mid
"Silicon RTL Design Engineer, PhD, Google Cloud",Google,"Bengaluru, Karnataka, India",Mid
"Manager, Large Partner Solutions, Sellside Monetization",Google,"Gurgaon, Haryana, India",Advanced
"Partner Principal Architect, GSI CTO, Google Cloud",Google,"London, UK",Advanced
"Strategic Partner Manager, YouTube",YouTube,"Mumbai, Maharashtra, India",Mid
"Extended Workforce Policy Investigator, xWI",Google,"Mountain View, CA, USA",Advanced
"Staff Software Engineer, AI/ML, Google Public Sector",Google,"Reston, VA, USA",Advanced
"Global Strategy and Operations Manager, Global Marketing",Google,"Mountain View, CA, USA",Mid
"Senior Staff Software Engineer, Machine Learning, ML Training",Google,"Kirkland, WA, USA",Advanced
"Software Engineer III, AI/ML, App Ads Quality",Google,"Mountain View, CA, USA",Mid
Data Center Services Electrical Engineer,Google,France,Mid
"Data Center Technician, Second Shift",Google,"Haskell, TX, USA",Early
"Product Communications Manager, Global Communications and Public Affairs",Google,Singapore,Mid
"Technical Program Manager, Data Center Construction and Delivery (Thai, English)",Google,"Nong Yai, Nong Yai District, Chon Buri, Thailand",Advanced
"AI/ML Hardware Architect, Cloud, Silicon",Google,"Bengaluru, Karnataka, India",Mid
"Forward Deployed Engineer, GenAI (Thai, English)",Google,Singapore,Mid
"UX Engineer, Gemini Notebook",Google,"Mountain View, CA, USA",Mid
"Data Center Facility Technician, Controls",Google,"Fort Wayne, IN, USA",Early
"Software Engineer III, AI/ML, AI and Infrastructure",Google,"Sunnyvale, CA, USA",Mid
Data Center Technician,Google,"Mumbai, Maharashtra, India",Early
"Data Center Site Manager, Data Centers Operations",Google,"Amarillo, TX, USA",Advanced
"Senior Staff Network Engineering Manager, Enterprise Network Engineering and Testing",Google,"Austin, TX, USA",Advanced
"Consulting Account Lead Manager, Google Cloud",Google,Singapore,Advanced
"Engineering Analyst, Trust and Safety Monetization",Google,"Bengaluru, Karnataka, India",Mid
"Senior UX Designer, Android Systems",Google,"Mountain View, CA, USA",Mid
"Administrative Business Partner, Android Ecosystem",Google,"Mountain View, CA, USA",Mid
"GDM Staff Software Engineer, Agent Data Quality, DeepMind",DeepMind,"Mountain View, CA, USA",
"Senior Customer Engineer, Digital Natives",Google,"Berlin, Germany",Mid
"Software Engineer, Google Pay, Consumer Payments",Google,Singapore,Mid
"Technical Program Manager, AI Garage",Google,"Hyderabad, Telangana, India",Mid
"Senior Staff Software Engineer, Google Cloud",Google,"Bengaluru, Karnataka, India",Advanced
"Software Engineer III, Pixel Performance",Google,"New Taipei, Banqiao District, New Taipei City, Taiwan",Mid
"Leadership Technical Program Manager I, Platform Management, gTech",Google,"Boulder, CO, USA",Advanced
"Senior Software Engineer, YouTube Live, Creator Platform",YouTube,"Bengaluru, Karnataka, India",Mid
Android XR Application Compatibility AI Technical Lead,Google,"Waterloo, ON, Canada",Mid
"Software Engineering Manager, Google Play Games",Google,"Bengaluru, Karnataka, India",Advanced
"Engineering Lead Architect, Google Compute Engine, Sole Tenancy",Google,"Warsaw, Poland",Advanced
"Technical Program Manager, Fleet and Supply Chain Intelligence",Google,"Bengaluru, Karnataka, India",Advanced
"Regional Enablement Lead (English, Japanese)",Google,"Tokyo, Japan",Advanced
"Research Scientist, Robotics, Cloud AI",Google,"Kirkland, WA, USA",Mid
"Software Engineer III, Full Stack, Google Cloud",Google,"Bengaluru, Karnataka, India",Mid
"Senior Technical Program Manager, Core ML",Google,"Mountain View, CA, USA",Advanced
"Senior Software Engineer, Full Stack",Google,"San Jose, CA, USA",Mid
"Customer Engineer, Google Cloud Platform, Telco, Energy (German)",Google,"Munich, Germany",Mid
"Senior Technical Program Manager, Google Cloud Business Platform",Google,"Hyderabad, Telangana, India",Advanced
"AI Engineer, Advanced Solutions Lab, Google Cloud",Google,"Chicago, IL, USA",Mid
"Partner Marketing Manager, Global Distribution, Cloud Marketing",Google,"Sunnyvale, CA, USA",Mid
"Content Adversarial Analyst, Red Team",Google,"Hyderabad, Telangana, India",Mid
Global Category Manager,Google,"Atlanta, GA, USA",Mid
"Program Manager II, Supply Chain, Google Cloud",Google,"Atlanta, GA, USA",Mid
"Account Manager, LCS Nordics, Retail (Swedish, English)",Google,"Dublin, Ireland",Early
"Field Sales Representative III, Enterprise Growth, Google Cloud",Google,"New York, NY, USA",Advanced
"Software Engineer, Generative AI, Shopping Product Graph, Commerce",Google,"Pittsburgh, PA, USA",Mid
"Field Sales Representative, Google Cloud (Japanese)",Google,"Tokyo, Japan",Advanced
"Head of Developer Technical Content, Cloud Product Marketing",Google,"New York, NY, USA",Advanced
"Staff Research Scientist, Android Pixel Audio",Google,"New Taipei, Banqiao District, New Taipei City, Taiwan",Advanced
"Account Executive, New Business Sales, Early Career (Spanish, English)",Google,"Mexico City, CDMX, Mexico",Early
"Senior Software Engineer, Search Platforms, LLM Evaluation Infrastructure",Google,"Bengaluru, Karnataka, India",Mid
"Product Marketing Manager, Retail Ads",Google,"New York, NY, USA",Mid
"Security Sales Specialist Manager III, Google Cloud",Google,"Houston, TX, USA",Advanced
"Senior Technical Writer, Google Cloud Security Operations",Google,"Sunnyvale, CA, USA",Mid
Supplier Development Engineer,Google,"Shenzhen, Guangdong Province, China",Mid
"Senior Manager, Corporate Communications",Google,"Gurugram, Haryana, India",Advanced
"Executive Business Partner, Global Threat Intelligence Group",Google,"Reston, VA, USA",Mid
"Engagement Manager, gTech Ads (English, Spanish)",Google,"Buenos Aires, Argentina",Mid
"Staff Software Engineer, Search Ads Shopping Infrastructure",Google,"Mountain View, CA, USA",Advanced
YouTube Youth Responsible Monetization Lead,YouTube,"San Bruno, CA, USA",Mid
"Manager, Technical Program Management, Production 2020",Google,"Dublin, Ireland",Advanced
"Technical Lead, XR Semantic Perception",Google,"Zürich, Switzerland",Advanced
"Operational Accountant, Acquire to Retire",Google,"Chicago, IL, USA",Mid
"Senior Software Engineer, AI/ML GenAI, Search",Google,"Mountain View, CA, USA",Mid
"Regional Product Lead, Diversification, PSA (English, French)",Google,"Dublin, Ireland",Mid
"Senior Verification Engineer, Digital Signal Processing, Google Cloud",Google,"Tel Aviv, Israel",Mid
"Software Engineer, Early Career (For Women in Tech Candidates)",Google,"Belo Horizonte, State of Minas Gerais, Brazil",Early
"Forward Deployed Engineer, Core, DevAI",Google,"San Jose, CA, USA",Advanced
"Security Customer Engineer, Google Cloud",Google,"Mumbai, Maharashtra, India",Advanced
"Finance Transformation Lead, Plan to Report",Google,"Sunnyvale, CA, USA",Mid
Networking AI Technical Lead,Google,"Cambridge, MA, USA",Advanced
"Environment, Health and Safety Cluster Manager",Google,"Hyderabad, Telangana, India",Mid
"Product Manager II, Google Maps",Google,"Seattle, WA, USA",Mid
"AI Sales Specialist III, Google Cloud",Google,"Tel Aviv, Israel",Advanced
"Senior Software Engineer, Product Security, DeepMind",DeepMind,"Mountain View, CA, USA",
"Account Manager, Google Shopping Solutions, Early Careers (German)",Google,"Dublin, Ireland",Early
"Data Center Engineer, Electrical Engineering",Google,"Kajaani, Finland",Mid
Data Center Server Operations Manager,Google,"Haskell, TX, USA",Mid
"Public Affairs Manager, Regional Data Centers",Google,"New Albany, OH, USA",Mid
"Product Manager, AIRX",Google,"Bengaluru, Karnataka, India",Mid
"Web Solutions Engineer, YouTube",YouTube,"Bengaluru, Karnataka, India",Mid
"Software Engineer III, Infrastructure, Infra Bigtable",Google,"Sunnyvale, CA, USA",Mid
"Data Engineer, YouTube Business Organization",YouTube,"Bengaluru, Karnataka, India",Mid
"Program Manager, Vendor Management Organization",Google,"Dublin, Ireland",Mid
"Top Partner Manager, AI Infrastructure and Supply Chain (Korean, English)",Google,"Seoul, South Korea",Advanced
"Strategic Partnerships Development Manager, K&amp;I Partnerships",Google,"Bengaluru, Karnataka, India",Advanced
"Enterprise Architect, Professional Services, Google Cloud",Google,"Bengaluru, Karnataka, India",Advanced
"Administrative Business Partner II, Google Cloud Consulting",Google,"Toronto, ON, Canada",Early
"Administrative Business Partner III, Search Platforms",Google,"Mountain View, CA, USA",Mid
"Senior Software Engineer, Storage Technologies, Google Cloud Platform",Google,"Taipei, Taiwan",Mid
"GTM Infrastructure Practice Lead, LATAM (English, Portuguese, Spanish)",Google,"Mexico City, CDMX, Mexico",Mid
"Principal Agency Programmatic Account Manager, Agency, Platforms, and Client Solutions",Google,"New York, NY, USA",Mid
"Data Center Technician, Global Data Center Server Operations",Google,Singapore,Early
Package Design Engineer,Google,"Sunnyvale, CA, USA",Mid
"Software Engineer III, Backend, Dataform",Google,"Warsaw, Poland",Mid
"Senior Financial Analyst, Marketing Finance",Google,Singapore,Mid
"Software Engineer III, Infrastructure,  Infrastructure Storage",Google,"New York, NY, USA",Mid
"Account Manager, Large Customer Sales, German Market (English)",Google,"Dublin, Ireland",Early
"Product Marketing Manager, Fitbit Hardware",Google,"Mountain View, CA, USA",Mid
"Senior Software Engineer, Search",Google,"Bengaluru, Karnataka, India",Mid
"Program Manager III, Supply and Demand Planning, Infrastructure Supply Chain",Google,"Sunnyvale, CA, USA",Mid
"Senior Software Engineer, Embedded Systems/Firmware, Pixel Display",Google,"Mountain View, CA, USA",Mid
"Staff Software Engineering, GenAI Applications, YouTube",YouTube,"San Bruno, CA, USA",Advanced
"Silicon Hardware Emulation Engineer, Google Cloud",Google,"Sunnyvale, CA, USA",Mid
"Technical Program Manager, Data Center Delivery",Google,"Hamina, Finland",Mid
"Strategic Partner Development, Payments Platform (English, Japanese)",Google,"Tokyo, Japan",Advanced
"Data Center Facilities Technician II, Mechanical",Google,"Cedar Rapids, IA, USA",Early
Product Support Manager,Google,"Atlanta, GA, USA",Mid
"Community Development Manager, Data Center Strategic Partnerships",Google,"Ohio, USA",Mid
"Field Sales Representative, Retail, Google Cloud",Google,"London, UK",Advanced
Power Engineering Technical Lead,Google,"Sunnyvale, CA, USA",Director+
Physical Low Power Validation Engineer,Google,"Sunnyvale, CA, USA",Mid
"Research Data Scientist, Ads Insights and Measurement",Google,"Mountain View, CA, USA",Mid
"Partner Forward Deployed Engineer, Generative AI, Google Cloud (Japanese, English)",Google,"Tokyo, Japan",Advanced
"Accelerated Growth Consultant, Google Customer Solutions, German Market (English, German)",Google,"Dublin, Ireland",Early
"Cloud Technical Solutions Developer, Storage and Databases",Google,"Sunnyvale, CA, USA",Mid
"Staff Gen AI Engineer, Forward Deployed, Google Cloud",Google,"Sydney NSW, Australia",Advanced
"International Growth Consultant, Retail, EMEA",Google,"Dublin, Ireland",Mid
"Agentic Data Cloud Sales Specialist, Google Cloud",Google,"San Francisco, CA, USA",Advanced
"Analytical Lead, Large Customer Sales",Google,"Seattle, WA, USA",Mid
"Junior AI SoC Design Verification Engineer, Google Cloud",Google,"Tel Aviv, Israel",Early
"Software Engineer III, Infrastructure, Account and Device Integrity",Google,"Zürich, Switzerland",Mid
"Accelerated Growth Consultant, Google Customer Solutions, UKI",Google,"Dublin, Ireland",Mid
"AI Sales Specialist, SMB",Google,"Dublin, Ireland",Mid
"Senior Product Manager, Youtube Ads Ranking User Quality",YouTube,"Mountain View, CA, USA",Advanced
"Software Engineer lll, Pixel App and User Experience Quality",Google,"Shanghai, China",Mid
"Data Analytics Apprenticeship, February 2027 Start",Google,"New York, NY, USA",Intern & Apprentice
"Forward Deployed Detection and Response Consultant, Cyber Defence, National Security, Mandiant",Google,"Ottawa, ON, Canada",Mid
"Senior Software Engineer, Search Personalization Quality",Google,"New York, NY, USA",Mid
"Community Development Manager, Strategic Partnership Office",Google,"Appling, GA, USA",Mid
"Customer and Product Solutions Engineer, GenAI",Google,"Sunnyvale, CA, USA",Mid
"Account Manager, Large Customer Sales, France (English, French)",Google,"Dublin, Ireland",Early
Data Center Operations Facility Manager,Google,"Fort Wayne, IN, USA",Mid
"Strategic Partner Development Lead, Payments (English, French) (Fixed-term contract)",Google,"Zürich, Switzerland",Mid
"Technical Program Manager, Product Security PMO",Google,"New York, NY, USA",Advanced
"Senior Software Engineer, Platform Experience Quality",Google,"New Taipei, Banqiao District, New Taipei City, Taiwan",Mid
"Senior Software Engineer, Google Distributed Cloud Hosted, Infrastructure",Google,"Sunnyvale, CA, USA",Mid
"Emulation Verification Tech Lead, Google Cloud",Google,"Tel Aviv, Israel",Advanced
"Program Manager III, Supply Planning, Cloud Supply Chain",Google,"Sunnyvale, CA, USA",Mid
"Test Engineer, Android and Pixel System Test",Google,"New Taipei, Banqiao District, New Taipei City, Taiwan",Mid
"Forward Deployed Engineer IV, GenAI, Google Cloud",Google,"Chicago, IL, USA",Advanced
"Senior Data Scientist, GeminiApp, DeepMind",DeepMind,"San Francisco, CA, USA",
"Technical Account Manager Lead, Google Cloud Consulting (Japanese, English)",Google,"Tokyo, Japan",Advanced
Senior Customer and Partner Solutions Engineer,Google,"Taipei, Taiwan",Mid
"Network Implementation Engineer, AutoCAD Drafter",Google,Singapore,Mid
"Community Development Manager, Strategic Partnerships Office",Google,"Horndal, Sweden",Advanced
"Software Engineering Manager II, Infrastructure, Google Cloud Compute",Google,"Sunnyvale, CA, USA",Advanced
Senior Privacy and Data Governance Risk Program Manager,Google,"New York, NY, USA",Advanced
"Program Manager II, Supply Chain Operations, Google Cloud",Google,"Atlanta, GA, USA",Mid
"Strategy Analyst, Market Intelligence",Google,"Sunnyvale, CA, USA",Mid
"Software Engineering Manager, YouTube Ads Indexing Infrastructure",YouTube,"Mountain View, CA, USA",Advanced
"Senior Software Engineer, Mobile (Android), AR Experiences",Google,"San Jose, CA, USA",Mid
"Field Sales Representative, Enterprise, ISV, Google Cloud",Google,"San Francisco, CA, USA",Advanced
"Open Career Opportunities, GFiber",GFiber,"Mountain View, CA, USA",
"Software Engineer II, Business Mobile App, Google Pay",Google,Singapore,Early
"Senior RTL Design and Integration Engineer, Google Cloud",Google,"Bengaluru, Karnataka, India",Mid
"Associate Commercial Counsel, Cloud Consulting and Forward Deployed Engineering",Google,"Seattle, WA, USA",Advanced
"Group Product Manager, AI Infra Hardware",Google,"Sunnyvale, CA, USA",Advanced
"Director, Data Center Ecosystem",Google,"Sunnyvale, CA, USA",Director+
"Software Engineer Manager, Netsoft",Google,"Sydney NSW, Australia",Advanced
"Senior Product Manager, Images Feed Quality, Google Search",Google,"Mountain View, CA, USA",Advanced
"Software Engineer, Consumer DevAI",Google,"Mountain View, CA, USA",Mid
"Senior Software Engineer, AI Agent Ecosystem, ADK",Google,"Warsaw, Poland",Mid
"Account Manager, Large Customer Sales",Google,"Bangkok, Thailand",Early
"Static Timing Analysis Engineer, Full Chip STA",Google,"Mountain View, CA, USA",Mid
"Product Manager II, Cloud Billing",Google,"Sunnyvale, CA, USA",Mid
"ATE Test Infrastructure Engineer, Post Silicon NPI",Google,"Sunnyvale, CA, USA",Mid
"Senior Software Engineer, Google Cloud",Google,"Hyderabad, Telangana, India",Mid
Data Center Operations Manager,Google,"Fredericia, Denmark",Mid
"Software Engineer III, Generative AI Safety",Google,"Zürich, Switzerland",Mid
"Strategic Partner Development Lead, Education Software",Google,"Chicago, IL, USA",Mid
"Product Manager, AdSpam Conversion and Bidding Integrity, Google Ads",Google,"Mountain View, CA, USA",Mid
"Product Manager II, Frameworks and Languages",Google,"San Francisco, CA, USA",Mid
"Staff Forward Deployed Engineer, GenAI, Google Cloud, Data",Google,Singapore,Advanced
"Technical Program Management, Network Infrastructure",Google,"Gurugram, Haryana, India",Mid
"Regional Product Lead, Measurement, PSA (English, German/Hebrew)",Google,"Dublin, Ireland",Mid
Network Operations Engineer,Google,"Thornton, CO, USA",Mid
"Staff Software Engineer, Search Local Ads Data Platform",Google,"Mountain View, CA, USA",Advanced
"Product Manager, Pixel Wearables",Google,"Mountain View, CA, USA",Mid
"Staff Software Engineer, Infrastructure, Google Cloud Networking",Google,"Sunnyvale, CA, USA",Advanced
GSOC Supervisor,Google,"Boulder, CO, USA",Mid
"Preservation Program Lead, Information Governance",Google,"Austin, TX, USA",Advanced
"Chuyên viên phụ trách chiến lược tài khoản, Phân khúc doanh nghiệp vừa và nhỏ, Nhóm Giải pháp khách hàng của Google",Google,"Ho Chi Minh City, Ho Chi Minh, Vietnam",Early
"Senior Software Engineer, iOS, Google Photos",Google,"Sydney NSW, Australia",Mid
"Director, Technical Program Management, Equipment Supply Chain",Google,"Kirkland, WA, USA",Director+
"Software Engineer, Embedded Systems, Pixel Touch",Google,"Mountain View, CA, USA",Mid
"Software Engineer III, Infrastructure, Filestore",Google,"Tel Aviv, Israel",Mid
"Staff Software Engineer, Infrastructure, Google Cloud Security and Privacy",Google,"Sunnyvale, CA, USA",Advanced
"Senior Software Engineer, App Hub",Google,"Warsaw, Poland",Mid
"Senior Software Engineering Manager, GCE Control Plane",Google,"Kirkland, WA, USA",Advanced
Content Adversarial Red Team Analyst,Google,"Hyderabad, Telangana, India",Mid
"Policy Specialist, Legal Investigations Support",Google,"Chicago, IL, USA",Mid
"ASIC Design Verification Engineer, Machine Learning",Google,"Sunnyvale, CA, USA",Mid
"Business Operations Program Manager, Global Data Centers (English)",Google,"Frankfurt, Germany",Early
"Account Executive, New Business Sales, Central Europe (Polish, English)",Google,"Hamburg, Germany",Early
"Software Engineer Manager II, Front End, AI Developer Tools Product Integrations",Google,"New York, NY, USA",Advanced
"Software Engineering Manager, Server System, Cloud Platforms Infrastructure",Google,"Taipei, Taiwan",Advanced
"Technical Program Manager II, Long Haul Planning, Cloud Networking",Google,"Addison, TX, USA",Mid
"Senior Product Manager, Databases &amp; Analytics, Google Cloud",Google,"Sunnyvale, CA, USA",Advanced
"Research Intern, PhD, Summer 2027",Google,"Toronto, ON, Canada",Intern & Apprentice
"Senior Software Engineer, Full Stack, Google Cloud",Google,"Bengaluru, Karnataka, India",Mid
"Financial Analyst, AI Solutions GTM",Google,"Chicago, IL, USA",Mid
"Financial Analyst, Machine Learning, Corporate Finance",Google,"Kirkland, WA, USA",Mid
"Senior UX Designer, Google Maps",Google,"Bengaluru, Karnataka, India",Mid
"SAP Sales Specialist, Google Cloud (Japanese)",Google,"Tokyo, Japan",Advanced
"Video Lead, Retail, Large Customer Sales",Google,"New York, NY, USA",Mid
"Strategy and Operations Lead, Global Product Solutions",Google,"New York, NY, USA",Mid
"Governance Lead, YouTube Trust and Safety Vendor Operations",YouTube,"San Bruno, CA, USA",Advanced
"Senior Product Finance Analyst, Search+",Google,"London, UK",Mid
"Senior Software Engineering Manager, GCBP Engineering Productivity",Google,"Sunnyvale, CA, USA",Advanced
"Technical Program Manager, Data Center",Google,"Hyderabad, Telangana, India",Advanced
FIA Execution Technical Program Manager,Google,"Dublin, Ireland",Mid
"Program Manager III, Real Estate and Construction Category Management, Cloud Supply Chain",Google,"Atlanta, GA, USA",Mid
Workforce Data Privacy Manager,Google,"Hyderabad, Telangana, India",Advanced
"Senior Software Engineer, AI/ML, Google Cloud Compute",Google,"Sunnyvale, CA, USA",Mid
"Software Engineer III, Full Stack",Google,"Mountain View, CA, USA",Mid
"Software Engineer III, Infra, Core Communications",Google,"San Jose, CA, USA",Mid
"SoC Test Automation and Infrastructure Lead, Google Cloud",Google,"Tel Aviv, Israel",Advanced
"Software Engineer III, AI/ML, Image Recommendation Modeling",Google,"Mountain View, CA, USA",Mid
"Software Engineer III, Infrastructure, YouTube",YouTube,"Mountain View, CA, USA",Mid
"Senior Policy Specialist, Google Play",Google,"Washington D.C., DC, USA",Mid
"Senior Engineering Lead, Foundational Modeling",Google,"Mountain View, CA, USA",Advanced
"Data Center Facilities Manager (English, Dutch)",Google,"Middenmeer, Netherlands",Mid
"Strategy and Operations Lead, GTM xWS",Google,"New York, NY, USA",Mid
"Accelerated Growth Consultant, Google Customer Solutions (Danish Market)",Google,"Dublin, Ireland",Early
"Agentic Data Cloud Sales Specialist, Google Cloud",Google,"Atlanta, GA, USA",Advanced
"Customer Onboarding Strategist (English, Indonesian)",Google,Singapore,Early
"Senior Product Manager, Geo Auto Data Platform",Google,"Munich, Germany",Advanced
"Public Affairs Manager, Regional Data Centers",Google,"Richmond, VA, USA",Advanced
"SerDes Characterization Lead, Google Cloud",Google,"Sunnyvale, CA, USA",Advanced
"Design Technology Co-Optimization Engineer, Google Cloud",Google,"Bengaluru, Karnataka, India",Mid
"Deployment Engineer, GDC Air Gapped, Google Cloud Public Sector",Google,"Munich, Germany",Mid
"Senior Software Engineer, Google Cloud Security Command Center",Google,"Sunnyvale, CA, USA",Mid
"Partner Principal Architect, GSI CTO, Google Cloud, UKI",Google,"London, UK",Advanced
"Staff Software Engineer, Google Cloud Backup and DR",Google,"Hyderabad, Telangana, India",Advanced
"Physical Designer Engineer, Google Cloud",Google,"Tel Aviv, Israel",Mid
"Senior Software Engineer, Mobile (Android), Navigation Experiences",Google,"Mountain View, CA, USA",Mid
"Outcome Customer Engineer, AI, Google Cloud",Google,"Sydney NSW, Australia",Advanced
"Tech Lead Manager, Google Analytics Gold Processing Backend",Google,"Mountain View, CA, USA",Advanced
"Mosquito Biologist, Debug",Google,Singapore,Mid
"Measurement Implementation Expert, gTech Ads GCS (French, English)",Google,"Warsaw, Poland",Mid
"Senior Software Engineering Manager, Generative AI and Data Cloud",Google,"Bengaluru, Karnataka, India",Advanced
Technology Delivery Customer and Partner Solutions Engineer,Google,"Tokyo, Japan",Mid
"Staff Software Engineer, Search Serving Infrastructure",Google,"Bengaluru, Karnataka, India",Advanced
"Staff Design Engineer, Networking, Google Cloud",Google,"Haifa, Israel",Advanced
"RTL Design Engineer, Google Cloud",Google,"Tel Aviv, Israel",Mid
"Google Messages Lead, Ecosystem Trust and Safety",Google,"Kirkland, WA, USA",Advanced
"Solutions Architect, Digital Platforms, Google Cloud",Google,"Frankfurt am Main, Germany",Advanced
"Account Manager, Google Customer Solutions",Google,"Auckland, New Zealand",Early
"Senior Manager, Mechanical and Product Design, Google Beam",Google,"Mountain View, CA, USA",Advanced
"Software Engineering Manager, Home Foundations",Google,"New Taipei, Banqiao District, New Taipei City, Taiwan",Advanced
"Software Engineer III, Database Internals, AlloyDB",Google,"Sunnyvale, CA, USA",Mid
"SoC Product Engineer, Google Cloud",Google,"Zhubei, Zhubei City, Hsinchu County, Taiwan",Mid
"Mobile Apps Consultant, Apps and Gaming, Global Partnerships",Google,"Dublin, Ireland",Early
Product Deployment Engineer,Google,"New York, NY, USA",Mid
"Senior Operations Engineer, Third Party Data Center Facilities",Google,"Hanau, Germany",Mid
"Senior Digital Strategy Lead, Accelerated Growth Team",Google,"New York, NY, USA",Mid
"Senior Director, Engineering, Data Integration",Google,"Sunnyvale, CA, USA",Director+
"Field Sales Representative, FSI, Google Cloud",Google,"Mumbai, Maharashtra, India",Advanced
Data Center Technician II,Google,"Stillwater, OK, USA",Early
"Senior Software Engineer, Google EDACloud",Google,"Tel Aviv, Israel",Mid
"Director, Social Strategy, Cloud Marketing Team",Google,"Sunnyvale, CA, USA",Director+
"Trust and Safety Intelligence Analyst, Fraud and System Abuse",Google,"Washington D.C., DC, USA",Mid
"Data Science PhD Intern, 2027",Google,"London, UK",Intern & Apprentice
"SoC Test and Product Engineer Lead, Google Cloud",Google,"Tel Aviv, Israel",Advanced
"Workplace Services Manager, People with Disabilities (English, Portuguese)",Google,"São Paulo, State of São Paulo, Brazil",Mid
"Staff Engineer, Search Intelligence",Google,"Bengaluru, Karnataka, India",Advanced
"Software Engineer III, Infrastructure, Google Workspace",Google,"Sunnyvale, CA, USA",Mid
"Community Development Manager, Strategic Partnership Office",Google,"Saint-Ghislain, Belgium",Advanced
"Senior Product Manager, Google Workspace",Google,"New York, NY, USA",Advanced
"Partnerships Manager, Debug",Google,Singapore,Mid
"Digital Technology Manager, Data Center Operations",Google,"Reston, VA, USA",Advanced
"Staff Software Engineer, Agentic SDLC Foundations",Google,"San Jose, CA, USA",Advanced
"Cloud Program Manager, Google Cloud Consulting",Google,"Austin, TX, USA",Mid
"Technical Account Manager I, Google Cloud Consulting",Google,"Austin, TX, USA",Mid
"Senior Embedded Software Engineer, Pixel Core USB",Google,"Mountain View, CA, USA",Mid
"Program Manager, Spend Management, Infrastructure Supply Chain and Manufacturing Operations",Google,"Austin, TX, USA",Mid
"Senior Software Engineer, GenAI Silicon Automation, DeepMind",DeepMind,"Paris, France",
"Software Engineer II, Engineering Productivity, Full Stack",Google,"Munich, Germany",Early
"Technical Program Manager III, Infrastructure Deployment Software, Google Cloud",Google,"Sunnyvale, CA, USA",Mid
"Software Engineer II, Full Stack",Google,"Zürich, Switzerland",Early
"Senior UX Engineer, Design Systems",Google,"Kirkland, WA, USA",Mid
"Customer Engineer, SAP, Google Cloud (English)",Google,Singapore,Mid
"Technical Program Manager III, Workspace Monetization, Google Workspace",Google,"Sunnyvale, CA, USA",Mid
"Tech Lead, Staff Software Engineering, YouTube Premium Acquisition",YouTube,"San Bruno, CA, USA",Advanced
"Software Engineering, Site Reliability Engineering BS/MS Intern, 2027",Google,"London, UK",Intern & Apprentice
"Program Manager, Data Center Maintenance Planner",Google,"Santiago, Chile",Early
Executive Engagement Lead,Google,"New York, NY, USA",Mid
"Software Engineer III, Infrastructure, Infra Spanner",Google,"Sunnyvale, CA, USA",Mid
Cloud AI Engineer (English),Google,"Hyderabad, Telangana, India",Early
"Software Engineer, On-Device Machine Learning",Google,"Sunnyvale, CA, USA",Mid
"Strategic Negotiator, Energy Market Development, MISO Lead",Google,"San Francisco, CA, USA",Mid
"Senior Software Engineer, Google Pay",Google,Singapore,Mid
"Senior Agency Account Executive, Exchange Platforms",Google,"New York, NY, USA",Mid
"Partner Forward Deployed Engineer IV, GenAI, Google Cloud",Google,"New York, NY, USA",Advanced
"Senior Staff Software Engineer, Drive, Frontend",Google,"Boulder, CO, USA",Advanced
"Senior Product Manager, Map Intelligence, Google Maps Platform",Google,"Bengaluru, Karnataka, India",Advanced
"Data Center Server Operations Manager, Global Server Ops",Google,"Richmond, VA, USA",Mid
"Privacy Engineer, Ads Privacy",Google,"Mountain View, CA, USA",Mid
"Recruiting Specialist, People Operations, gReach Program for People with Disabilities (残障人士岗位) (English, Mandarin)",Google,"Shanghai, China",Early
Go-to-Market Growth Lead,Google,"Bengaluru, Karnataka, India",Advanced
Site Reliability Engineer,Google,"Bengaluru, Karnataka, India",Early
"Customer Engineer III, AI/ML, Mid-Market Enterprise, Google Cloud",Google,"San Francisco, CA, USA",Advanced
"Security Engineer, Detection",Google,"Reston, VA, USA",Early
"Industry Manager, Beauty and Sports, Germany (English, German)",Google,"Berlin, Germany",Mid
"Technical Sales Consultant Manager, Infrastructure Modernization, Google Cloud (Japanese, English)",Google,"Tokyo, Japan",Advanced
Applied AI/ML Engineer,Google,"Bengaluru, Karnataka, India",Mid
"Software Engineer III, AI/ML",Google,"Hyderabad, Telangana, India",Mid
"Technical Services Program Manager, Electrical",Google,"Sunnyvale, CA, USA",Advanced
"Business Intelligence Analyst, Compute Operational Excellence",Google,"Kirkland, WA, USA",Mid
"Senior Financial Analyst, Google Cloud Public Sector",Google,"Reston, VA, USA",Mid
"Staff Software Engineer, Infrastructure, Google Cloud",Google,"Bengaluru, Karnataka, India",Advanced
"Lead GenAI Forward Deployed Engineer, YouTube GTM Operations",YouTube,"San Bruno, CA, USA",Advanced
"Account Strategist, Mid-Market Sales, Google Customer Solutions, MENA (Arabic, English)",Google,"Dublin, Ireland",Early
"Senior Incident Response Consultant, Mandiant (Weekend team)",Google,United Kingdom,Mid
"Vendor Manager, Strategic Partnership Enablement",Google,"Hyderabad, Telangana, India",Mid
"Data Center Technician, Global Server Operations",Google,"Sydney NSW, Australia",Early
"Video Solutions Expert, gTech Ads Solutions (Japanese, English)",Google,"Tokyo, Japan",Early
"Technical Lead Manager, Machine Learning, Memory Subsystem Design",Google,"Sunnyvale, CA, USA",Advanced
"Strategy and Operations Manager, Google Cloud (Korean, English)",Google,"Seoul, South Korea",Mid
"Technical Program Manager, EMEA LongHaul Planner",Google,"London, UK",Mid
"Workplace Services Manager (Mandarin, English)",Google,"New Taipei, Banqiao District, New Taipei City, Taiwan",Advanced
"Senior Customer Engineer, Public Sector UK/I, GCP",Google,"London, UK",Advanced
"Program Manager II, Software Engineering, Google Ads",Google,"Mountain View, CA, USA",Mid
"Chuyên viên hiệu suất, Khối Khách hàng chiến lược",Google,"Ho Chi Minh, Ho Chi Minh City, Vietnam",Early
"Senior Technical Program Manager, CDN and Edge Security",Google,"Addison, TX, USA",Advanced
"Account Executive, CPG",Google,"Toronto, ON, Canada",Mid
"Technical Program Manager III, Embedded Systems/Firmware, Pixel",Google,"Mountain View, CA, USA",Mid
"Higher Education Solutions Engineer, Google for Education",Google,"New York, NY, USA",Mid
"Senior Controller, GRAS Business Controllership",Google,"Sunnyvale, CA, USA",Mid
"Software Engineering Manager, Cloud SQL, SQL Server",Google,"Kirkland, WA, USA",Advanced
"Technical Program Manager, Cloud Storage",Google,"Bengaluru, Karnataka, India",Mid
Partner Co-Sell Strategy and Governance Lead,Google,"Austin, TX, USA",Advanced
"Data Analytics and AI Sales Specialist, Google Cloud",Google,"Milan, Metropolitan City of Milan, Italy",Advanced
"Customer Engineer, SAP Specialist, Google Cloud (Japanese, English)",Google,"Tokyo, Japan",Mid
"People Consultant (English, Korean)",Google,"Seoul, South Korea",Mid
"Software Engineer III, Infrastructure, Search",Google,"Mountain View, CA, USA",Mid
"Staff Hardware System Architect, Pixel Watch",Google,"Mountain View, CA, USA",Advanced
Technical Account Manager,Google,"Bengaluru, Karnataka, India",Mid
"Product Technology Manager, Universal Commerce Protocol",Google,"Sunnyvale, CA, USA",Mid
"Silicon SoC Analog Integration Lead, Google Cloud",Google,"Bengaluru, Karnataka, India",Advanced
"Administrative Business Partner III, Cloud AI",Google,"Sunnyvale, CA, USA",Mid
"Product Data Scientist, Consumer Payments",Google,"Mountain View, CA, USA",Mid
"Product Marketing Manager, Developer Programs, Google Cloud",Google,Singapore,Mid
"Staff Software Engineer, Google Cloud",Google,"Bengaluru, Karnataka, India",Advanced
"Staff Software Engineer, Android Trust",Google,Singapore,Advanced
"Software Engineer, Google Cloud Platform, Fault Management",Google,"Sunnyvale, CA, USA",Advanced
"AI/ML Accelerator Modeling Engineer, Silicon",Google,"Mountain View, CA, USA",Mid
"Research Scientist, Paradigms of Intelligence",Google,"Montreal, QC, Canada",Mid
"Staff Software Engineer, AI/ML GenAI, Google Workspace",Google,"New York, NY, USA",Advanced
"Gemini Adoption Sales Representative, Higher Education (Spanish, English)",Google,"Madrid, Spain",Mid
Google and Agentic Data Product Lead,Google,"Mountain View, CA, USA",Advanced
"Senior Software Engineer, Infrastructure, Google Cloud Networking",Google,"Warsaw, Poland",Mid
"Customer Engineer III, Outcome, Google Cloud",Google,"New York, NY, USA",Advanced
"Account Strategist, Small Business Sales, Google Customer Solutions",Google,"New York, NY, USA",Early
"Site Reliability Manager, Data Center Networking, SRE",Google,"Waterloo, ON, Canada",Advanced
"Technical Lead Manager, Search AI Growth",Google,"Mountain View, CA, USA",Advanced
"Account Strategist, Google Customer Solutions, Mid-Market Sales",Google,"San Francisco, CA, USA",Early
"Administrative Business Partner, Search Verticals and International",Google,"Mountain View, CA, USA",Mid
"Product Planning and Strategy Lead, Pixel Foldables and A-Series",Google,"Mountain View, CA, USA",Mid
"Software Engineering Manager, GPU Reliability",Google,"Seattle, WA, USA",Advanced
"Security Sales Specialist, User Protection Services, Google Cloud",Google,"Mexico City, CDMX, Mexico",Mid
"Industry Manager, Retail (Fixed-Term Contract)",Google,"Melbourne VIC, Australia",Mid
"Staff Software Developer, Cloud",Google,"Waterloo, ON, Canada",Advanced
"Risk Assessment and ERM Lead, gTech Risk",Google,"Chicago, IL, USA",Mid
"Data Center Operations Critical Facility Manager, Mechanical (English, Dutch)",Google,"Eemshaven, Netherlands",Mid
"Global Physical Security Red Team Lead, GSRS",Google,"Sunnyvale, CA, USA",Advanced
SMB Growth Manager,Google,"Hyderabad, Telangana, India",Mid
"Software Engineer III, Infrastructure, Google Ads",Google,"Mountain View, CA, USA",Mid
"Software Engineer Manager, Search Platforms, Search",Google,"Bengaluru, Karnataka, India",Advanced
"Staff Software Engineer, Infrastructure",Google,"Sunnyvale, CA, USA",Advanced
"Senior Manager, Ads Solutions Engineering, LCS, Agency and Partners, GAP",Google,"London, UK",Advanced
Capacity Delivery Area Security Manager,Google,"Kansas City, MO, USA",Advanced
"Senior UX Design Engineer, Privacy, Safety and Security",Google,"New York, NY, USA",Mid
"Senior Software Engineer, iOS Graphics, YouTube",YouTube,"Mountain View, CA, USA",Mid
"Senior Cloud AI Engineer, Google Cloud",Google,"Mexico City, CDMX, Mexico",Mid
"Cloud Technical Solutions Engineer Manager, Networking (English)",Google,"Sunnyvale, CA, USA",Advanced
"Engineering Manager, Operations Intelligence, gUP Engineering",Google,"Pittsburgh, PA, USA",Advanced
"State and Local Manager, Government Affairs and Public Policy",Google,"Austin, TX, USA",Mid
"Software Engineering Manager II, Site Reliability Engineering",Google,"Mountain View, CA, USA",Advanced
"Technical Program Manager III, Edge Technologies, Google Networking",Google,"Sunnyvale, CA, USA",Mid
"Student Researcher, PhD, Winter-Summer 2027",Google,"Montreal, QC, Canada",Intern & Apprentice
"SoC Design Verification Engineer, Google Cloud",Google,"Tel Aviv, Israel",Mid
"Senior Hardware Design Engineer, Platforms",Google,"Sunnyvale, CA, USA",Mid
"Research Scientist, Agents, DeepMind",DeepMind,"Bengaluru, Karnataka, India",
"Cross Functional Program Manager, Google Data Center Operations",Google,"The Dalles, OR, USA",Advanced
"Senior Software Engineer, Gemini Cloud Assist",Google,"Sunnyvale, CA, USA",Mid
"Technical Account Manager, Google Cloud Consulting",Google,"Sunnyvale, CA, USA",Mid
"Data Center Facilities Technician, Controls",Google,"Council Bluffs, IA, USA",Early
Staff ChipDev Engineer,Google,"Tel Aviv, Israel",Advanced
"Senior Software Engineer, Full Stack, Android, Google TV",Google,"San Jose, CA, USA",Mid
"Head of Admob Partnerships, Sellside Monetization",Google,"Mountain View, CA, USA",Advanced
"Business Operations Principal, Core",Google,"San Jose, CA, USA",Advanced
"Senior Software Engineering Manager, Site Reliability Engineering, YouTube ML",YouTube,"San Bruno, CA, USA",Advanced
"Technical Operations Manager, Third Party Data Center Facilities (English)",Google,"Frankfurt, Germany",Mid
"Software Engineer Manager II, Spanner Enterprise",Google,"Sunnyvale, CA, USA",Advanced
"Senior Director, Engineering, SecOps, Google Cloud Security",Google,"Sunnyvale, CA, USA",Director+
"Industry Manager, E-Commerce, Large Customer Sales",Google,Singapore,Mid
Data Center Server Operations Manager,Google,"Pryor, OK 74361, USA",Mid
"Technical Solutions Engineer, Google Health",Google,"London, UK",Mid
"Senior Server Qualification Engineer, Google Cloud",Google,"Taipei, Taiwan",Mid
"Senior Software Engineer, Performance, Platforms Infrastructure Engineering",Google,"Sunnyvale, CA, USA",Mid
Senior Product Technology Manager,Google,"Hyderabad, Telangana, India",Advanced
"Measurement Implementation Expert, gTech Ads GCS (German)",Google,"Warsaw, Poland",Mid
"Workspace Sales Specialist III, Greenfield, Google Cloud",Google,"New York, NY, USA",Advanced
"Investigator, APAC",Google,Singapore,Mid
"Senior Staff Tech Lead Manager, TPU Workload Onboarding and Optimization",Google,Singapore,Advanced
"People Partner, Platform Infrastructure and Engineering and Infrastructure Supply Chain and Manufacturing Operations",Google,"Sunnyvale, CA, USA",Advanced
"Software Engineering Manager, Cloud and Third-Party Platform Security",Google,Singapore,Advanced
"Senior Qualitative UX Researcher, Youtube",YouTube,"Bengaluru, Karnataka, India",Mid
"Staff Software Engineer, Raxium Display Test",Google,"Fremont, CA, USA",Advanced
"Account Strategist, SBS Scaled, Google Customer Solutions (English, Japanese)",Google,"Tokyo, Japan",Early
CPU Architecture and Performance Architect,Google,"New Taipei, Banqiao District, New Taipei City, Taiwan",Mid
"Senior Software Engineer, Mobile (Android)",Google,"Kraków, Poland",Mid
"Senior Software Engineer, AI/ML, Geo and Gemini App",Google,"New York, NY, USA",Mid
"Site Lead, Data Center Operations, Facilities Management",Google,"Moncks Corner, SC 29461, USA",Advanced
"Senior Staff Software Engineer, Google One",Google,"Bengaluru, Karnataka, India",Advanced
Data Center Technician,Google,"Changhua, Dazhu Village, Xihu Township, Changhua County, Taiwan",Early
"Senior Staff Research Data Scientist, Search Ads in AI Experiences",Google,"Mountain View, CA, USA",Advanced
"Software Engineering Manager, Google Compute Engine",Google,"Warsaw, Poland",Advanced
Senior Engineering Analyst,Google,"Dublin, Ireland",Mid
"Cloud AI Engineer, Google Cloud (English)",Google,"Mexico City, CDMX, Mexico",Early
"Head of Industry, Telco, Media and Entertainment",Google,"Toronto, ON, Canada",Advanced
"Account Manager, Media and Entertainment, CTV Partnerships",Google,"New York, NY, USA",Mid
"Youtube Growth Consultant, US Market",Google,Singapore,Mid
"Senior Software Engineering Manager, GCP Infrastructure",Google,"Seattle, WA, USA",Advanced
Staff Applied AI Agent Developer,Google,"Waterloo, ON, Canada",Advanced
"Staff Product Data Scientist, Pixel Growth, Google Store",Google,"Mountain View, CA, USA",Advanced
"Software Engineering, Site Reliability Engineering BS/MS Intern, 2027",Google,"Warsaw, Poland",Intern & Apprentice
"Data Center Plant Engineer, Mechanical/Controls",Google,"Lenoir, NC, USA",Mid
"Staff Software Engineer, Discover Ranking",Google,"Mountain View, CA, USA",Advanced
"Software Engineering Manager II, AI/ML, Google Cloud Compute",Google,"Kirkland, WA, USA",Advanced
"Software Engineer III, Connectivity, Android microXR",Google,"San Jose, CA, USA",Mid
"Senior Icon Designer, Google Design Platform",Google,"New York, NY, USA",Mid
"Software Developer Intern, MS, Summer 2027",Google,"Waterloo, ON, Canada",Intern & Apprentice
"Technical Program Manager II, Network Demand Management, Cloud Networking",Google,"Sunnyvale, CA, USA",Mid
"Technical Program Manager, Assurance, Risk, and Compliance",Google,"Frankfurt am Main, Germany",Mid
"Staff Embedded Software Engineer, Pixel System Debug Architecture",Google,"Mountain View, CA, USA",Advanced
"Senior Software Engineer, Google Cloud Data Movement Platform",Google,"Tel Aviv, Israel",Mid
CPU Cache Subsystem Senior Design Manager,Google,"Austin, TX, USA",Advanced
"Strategic Negotiator, Data Center Land Development and Portfolio Management",Google,"Kirkland, WA, USA",Advanced
"Accounting Solutions Lead, Revenue Platforms",Google,"Chicago, IL, USA",Advanced
"Senior Forward Deployed Engineer, Generative AI, Google Cloud (English)",Google,Singapore,Mid
"Staff Design Engineer, Edge AI, Google Cloud",Google,"Tel Aviv, Israel",Advanced
Senior Silicon DFT Lead,Google,"Tel Aviv, Israel",Advanced
"Senior Product Manager, Core SQL Query Processing and Optimization",Google,"Kirkland, WA, USA",Advanced
"Data Center Server Operations Manager, Global Server Operations",Google,"Henderson, NV, USA",Mid
Strategy and Operations Senior Analyst,Google,"New York, NY, USA",Mid
"Product Solutions Engineer, Google Ads",Google,"Boulder, CO, USA",Mid
"Strategic Outreach and Visits Manager, Government Affairs and Public Policy",Google,"Mountain View, CA, USA",Mid
Business and Marketing Data Scientist,Google,"Seattle, WA, USA",Mid
"Senior RTL Design Engineer, Google Cloud",Google,"Haifa, Israel",Mid
"Senior Software Engineer, Storage",Google,"Hyderabad, Telangana, India",Mid
"HR People Consultant, Data Center",Google,"London, UK",Mid
"Lead Firmware Engineer, Robotics",Google,"Mountain View, CA, USA",Advanced
"Staff Network Engineer, Infrastructure Control Network",Google,"Reston, VA, USA",Advanced
"Data Center Plant Engineer, Mechanical",Google,"Lancaster, OH, USA",Mid
"Technical Program Manager, AI Enablement, Geo Expansion and Location Strategy",Google,"Kirkland, WA, USA",Mid
"Senior Account Executive, Lead Generation, Mid-Market Sales",Google,"Toronto, ON, Canada",Mid
"Product Manager II, YouTube Adversarial Abuse",YouTube,"San Bruno, CA, USA",Mid
"Customer Engineer, Application Modernization, Google Cloud",Google,"Taipei, Taiwan",Mid
Assembly and Integration Center Operations Manager,Google,"Atlanta, GA, USA",Advanced
"Research Scientist, Frontier AI, DeepMind",DeepMind,"Zürich, Switzerland",
"Senior Customer Engineer, Advanced Technology, Google Cloud",Google,"Shanghai, China",Advanced
"Staff Software Engineer, Health Data Foundations and Analytics",Google,"Warsaw, Poland",Advanced
"Technical Account Manager, Google Cloud Consulting (Mandarin, English)",Google,"San Francisco, CA, USA",Mid
"Senior Research Scientist, Cloud AI Research",Google,"Mountain View, CA, USA",Mid
"Principal Engineer, Agentic AI Data and Insights",Google,"Irvine, CA, USA",Director+
"Staff ML Engineer, Search AI Generated Content Quality",Google,"Mountain View, CA, USA",Advanced
"Software Engineer III, Google Distributed Cloud AI Storage",Google,"Sunnyvale, CA, USA",Mid
"Director, 1P Direct to Consumer Commerce and Performance Marketing",Google,"Mountain View, CA, USA",Director+
"Senior Technical Program Manager, Cloud AI, Security and Compliance",Google,"Sunnyvale, CA, USA",Advanced
"Senior Product Manager, Shopping on Gemini Core Experience",Google,"Zürich, Switzerland",Advanced
"Senior Software Engineer, Performance, SOC Architect",Google,"Sunnyvale, CA, USA",Mid
"AI Outcome Customer Engineer, Google Cloud (Bahasa Indonesia)",Google,Singapore,Advanced
"Senior Software Engineer, Rate Limiting and Token Management",Google,"Sunnyvale, CA, USA",Mid
"AI Outcome Customer Engineer, Google Cloud (English, Japanese)",Google,"Tokyo, Japan",Advanced
"Practice Customer Developer, Data Management, Google Cloud",Google,"Toronto, ON, Canada",Advanced
"Technical Program Manager III, Strategic Engagements Lead, Core",Google,"San Jose, CA, USA",Mid
"Staff Software Engineer, Ads Enterprise Platform",Google,"Kirkland, WA, USA",Advanced
"Product Counsel, Core+",Google,"Washington D.C., DC, USA",Advanced
"Technical Solutions Engineer, Cloud Support, Networking (English)",Google,"Bengaluru, Karnataka, India",Mid
"AI Outcome Customer Engineer, Forward Deployed Engineering",Google,"New York, NY, USA",Mid
"Technical Program Manager III, Cloud Billing Support",Google,"Waterloo, ON, Canada",Mid
"Applied AI Software Engineer, Data Engineering Agent",Google,"Sunnyvale, CA, USA",Mid
"Staff Software Engineer, YouTube Ads Marketplace Optimization",YouTube,"Mountain View, CA, USA",Advanced
"Senior Developer Relations Engineer, GKE and AI Infrastructure",Google,"Sunnyvale, CA, USA",Mid
"Software Engineer III, Embedded Systems and Firmware, Audio",Google,"Shanghai, China",Mid
"Brand Marketing Manager, Pixel Ecosystem",Google,"New York, NY, USA",Mid
"Senior SoC Formal Verification Engineer, Google Cloud",Google,"Tel Aviv, Israel",Advanced
"Account Executive, Mid-Market Sales, GCS (Mandarin, English)",Google,"Shanghai, China",Mid
"Government and Strategic Engagement Lead, North America",Google,"New York, NY, USA",Advanced
"Forward Deployed Engineer, Generative AI, Google Cloud (Japanese, English)",Google,"Tokyo, Japan",Mid
"Senior UX Research Manager, Customer Engagement, Google Ads",Google,"Mountain View, CA, USA",Advanced
"Digital Marketing Strategist, Customer Success Acceleration, gTech Ads GCS (Arabic, English)",Google,"Dublin, Ireland",Early
Apps Growth Consultant,Google,"London, UK",Mid
"Early Career Software Engineer, People with Disabilities",Google,"Belo Horizonte, State of Minas Gerais, Brazil",Early
"Field Sales Representative, Public Sector, Google Cloud (English)",Google,"Buenos Aires, Argentina",Advanced
"Senior UX Engineer, Search AI",Google,"San Francisco, CA, USA",Mid
Events Security Operations Manager,Google,"Bengaluru, Karnataka, India",Mid
"Senior Data Scientist, GenAI Applications, Global Business Consulting",Google,Singapore,Mid
"Software Engineer, Generative AI, Shopping Quality",Google,"Mountain View, CA, USA",Mid
Senior Measurement Lead,Google,"New York, NY, USA",Mid
"Analytics Lead I, Large Customer Sales",Google,"Gurugram, Haryana, India",Mid
"Senior Security Engineer, Serving Layer and Platform Security, DeepMind",DeepMind,"Mountain View, CA, USA",
Senior Silicon Design Verification Engineer,Google,"Bengaluru, Karnataka, India",Mid
"Principal M-LLM Post-Training and Execution Software Engineer, XR",Google,"San Jose, CA, USA",Director+
"Product Deployment Engineer, gTech Ads GCS",Google,"Warsaw, Poland",Mid
"Strategy and Operations Lead, gtech Ads",Google,"Hyderabad, Telangana, India",Mid
"Senior Technical Program Manager II, NPI, AI/ML (TPU) Systems",Google,"Sunnyvale, CA, USA",Advanced
"Data Center Security Manager, Compliance, Safety, and Risk Management",Google,"Pryor, OK 74361, USA",Mid
"Staff Software Engineer, Messages",Google,"Mountain View, CA, USA",Advanced
"AI Customer Engineer, Google Cloud",Google,Singapore,Advanced
"Community Development Manager, Strategic Partnerships Office",Google,"Texas, USA",Mid
"Technical Program Manager, Security Systems Operations",Google,"Austin, TX, USA",Mid
"Senior Software Engineer, Agent Development Kit",Google,"Warsaw, Poland",Mid
"Customer Engineering Manager, Data Analytics, Google Cloud",Google,"Bengaluru, Karnataka, India",Advanced
"Senior Software Engineer, Embedded Systems, XR Audio Platform",Google,"San Jose, CA, USA",Mid
"Partner Experience Specialist, gTech Ads Sellside",Google,Singapore,Early
"Technical Program Manager, Data Center Services",Google,"Kansas City, MO, USA",Advanced
"Senior Software Engineer, AlloyDB Semantic Search",Google,"Sunnyvale, CA, USA",Mid
"Senior Financial Analyst, YouTube+",YouTube,"London, UK",Mid
Hardware System Integration Developer,Google,"Waterloo, Belgium",Mid
Product Manager,Google,"Kirkland, WA, USA",Mid
"Senior Staff Software Engineer, Reliability and Application Security, Cloud Security",Google,"Sunnyvale, CA, USA",Advanced
"Product Deployment Engineer, gTech Ads",Google,"London, UK",Mid
Google for Education Lead,Google,"Karachi, Pakistan",Advanced
"Strategic Partner Development Lead, Agentic Commerce and Ads Safety and Infrastructure",Google,"New York, NY, USA",Mid
"Software Engineer, Android Laptops and Tablets Camera",Google,"New Taipei, Banqiao District, New Taipei City, Taiwan",Mid
"Staff Systems Developer Manager, AlphaNet Core SRE",Google,"Waterloo, ON, Canada",Advanced
"Software and AI Strategic Partner Manager, Google for Education",Google,"Mexico City, CDMX, Mexico",Mid
"Software Engineer, People with Disabilities",Google,"Belo Horizonte, State of Minas Gerais, Brazil",Mid
"Software Developer, Enterprise Chat, Google Cloud",Google,"Waterloo, ON, Canada",Mid
"Kỹ sư phụ trách về chất lượng sản phẩm, mảng Đồng hồ và Tai nghe",Google,"Hanoi, Ha Noi, Vietnam",Mid
"Customer Engineer III, Platform, Google Cloud",Google,"Atlanta, GA, USA",Advanced
"Senior Strategic Partnerships Manager, Silicon 3PIP",Google,"Bengaluru, Karnataka, India",Advanced
"Customer Engineer, AI, Google Cloud (Korean, English)",Google,"Seoul, South Korea",Mid
"Technology Auditor, Internal Audit",Google,"Chicago, IL, USA",Mid
"Software Engineer III, Infrastructure",Google,"Tel Aviv, Israel",Mid
"Physical Design Lead, Google Cloud",Google,"Tel Aviv, Israel",Advanced
"Senior Marketing Manager, Industry Events",Google,"Sunnyvale, CA, USA",Advanced
"Account Manager, Travel and Consumer Products, LCS (English, Cantonese)",Google,Hongkong,Early
"Campus Security Manager (English, Mandarin)",Google,"New Taipei, Banqiao District, New Taipei City, Taiwan",Mid
"Physical Design Engineer, SoC Static Timing Analysis",Google,"Tel Aviv, Israel",Mid
Camera Control Systems Calibration Engineer,Google,"Mountain View, CA, USA",Mid
"Product Manager, Google Cloud Security",Google,"Bengaluru, Karnataka, India",Mid
"Physical Design and Implementation Engineer, Silicon Engineering",Google,"Bengaluru, Karnataka, India",Mid
"Data Center Plant Engineer, Mechanical",Google,"Council Bluffs, IA, USA",Mid
"Customer Engineer, Google Cloud Security",Google,"Bengaluru, Karnataka, India",Advanced
"GenAI Forward Deployed Engineer IV, GenMedia, Google Cloud",Google,"San Diego, CA, USA",Advanced
"Technical Program Manager, Fleet Orchestration Systems",Google,"Atlanta, GA, USA",Advanced
"Analytical Consultant, Google Shopping Solutions",Google,"Dublin, Ireland",Early
"Technical Program Manager, Federal Government, Google Cloud",Google,"Canberra ACT, Australia",Mid
"Senior Software Engineer, Infrastructure, Capacity and Demand",Google,"Sunnyvale, CA, USA",Mid
"Senior Staff Software Engineer, Agent Infrastructure, Serverless",Google,"Sunnyvale, CA, USA",Advanced
"Student Researcher, BS/MS, Fall 2026",Google,"Mountain View, CA, USA",Intern & Apprentice
"Head of Business, Mid-Market Sales, Google Customer Solutions",Google,"New York, NY, USA",Advanced
"Data Center Technician III, Hardware Operations",Google,"Moncks Corner, SC 29461, USA",Early
"AI Customer Engineer, AI Platform, Google Cloud (Japanese)",Google,"Tokyo, Japan",Mid
"Customer Engineer II, Platform, West, Google Cloud",Google,"Seattle, WA, USA",Mid
"Senior Software Engineer, Safe Coding",Google,Singapore,Mid
"SoC Power Lead, Memory Subsystem",Google,"Mountain View, CA, USA",Advanced
"Cloud Platforms and Infrastructure Engineer, TPU/GPU",Google,"San Francisco, CA, USA",Mid
"Senior Software Engineer, Cloud Spanner Graph Platform",Google,"Sunnyvale, CA, USA",Mid
Data Center Security Manager,Google,"Reno, NV, USA",Mid
"Senior Data Engineer, Product Analytics, Payments",Google,Singapore,Mid
"Senior DDR Design Verification Engineer, Google Cloud",Google,"Tel Aviv, Israel",Mid
"Data Center Technician III, Global Server Operations",Google,"Reno, NV, USA",Early
"Software Engineer, Google Pay, Growth and Communications",Google,Singapore,Mid
"Physical Design Engineer, FullChip/ASIC Implementation",Google,"Mountain View, CA, USA",Mid
"Security Analyst, Identity and Access Management, gTech Risk Solutions",Google,"Chicago, IL, USA",Mid
"Software Engineer III, Storage Infrastructure",Google,"New York, NY, USA",Mid
"Research Scientist, Reasoning and Artificial General Intelligence, DeepMind",DeepMind,Singapore,
"Staff UX Researcher, Agentic AI, Ad Sales and Marketing Platform",Google,"Mountain View, CA, USA",Advanced
"Practice Customer Engineer, Migrations, Database and Data Analytics, Google Cloud",Google,Singapore,Advanced
"Staff Forward Deployed Engineer, Developer AI, Google Cloud",Google,"Sydney NSW, Australia",Advanced
"Senior Product Manager, Ads Privacy and Identity Infrastructure",Google,"Mountain View, CA, USA",Advanced
"Senior Product Manager, AI Trust and Safety, Google Search, Anti-Abuse",Google,"Mountain View, CA, USA",Advanced
"Consulting Leader, Mandiant (Japanese, English)",Google,"Tokyo, Japan",Advanced
"Software Engineering Manager, Display Ads Bidding",Google,"Mountain View, CA, USA",Advanced
"Data Center Controls Engineer, Cybersecurity",Google,Singapore,Mid
"Offensive Security Consultant, Mandiant Consulting, Google Cloud",Google,United States,Mid
"Staff Interaction Designer, Search Personalization",Google,"Mountain View, CA, USA",Advanced
"GSI Partner Engineer, Google Cloud",Google,Singapore,Advanced
"Senior Software Engineer, AI/ML, Google Cloud AI",Google,"Sunnyvale, CA, USA",Mid
"Sales Manager, SMB Sales, Google Customer Solutions, Netherlands Market (Dutch)",Google,"Dublin, Ireland",Advanced
"Senior Design Verification Engineer, Google Cloud",Google,"Bengaluru, Karnataka, India",Mid
Research Scientist,Google,"London, UK",Advanced
EHS Partner Delivery and Offsite Construction Area Manager,Google,"Addison, TX, USA",Mid
"Industry Manager, Tech and B2B (English, German)",Google,"Hamburg, Germany",Mid
"Senior Software Engineer, AI/ML GenAI, AI and Infrastructure",Google,"Sunnyvale, CA, USA",Mid
"Principal Engineer, Resource Optimization and Fleet Logic",Google,"Thornton, CO, USA",Director+
"Senior Software Engineer, Network Infrastructure",Google,"Sunnyvale, CA, USA",Mid
"Senior Software Engineer, Google Pay, Growth and Communications",Google,Singapore,Mid
"Principal Engineer, GKE Platform for AI Inference Workloads",Google,"Seattle, WA, USA",Director+
"Customer Engineer IV, Outcome, TMEG, Google Cloud",Google,"Los Angeles, CA, USA",Advanced
"Senior Staff Business Systems Analyst, Supply Chain Business Systems",Google,"Sunnyvale, CA, USA",Advanced
"Staff UX Researcher, XR Betas and Post Launch",Google,"San Jose, CA, USA",Advanced
"Tools Specialist, Enterprise Threat Management",Google,"Atlanta, GA, USA",Mid
"RTL Design Engineer, Machine Learning Accelerators",Google,"Sunnyvale, CA, USA",Mid
"Technical Program Manager II, Infrastructure, Core",Google,"New York, NY, USA",Mid
"Account Manager, Google Shopping Solutions, Early Careers, France (English, French)",Google,"Dublin, Ireland",Early
"Senior Research Data Scientist, Ads Insight and Measurement",Google,"Mountain View, CA, USA",Mid
"Administrative Business Partner, Server Operations",Google,"Nong Yai, Nong Yai District, Chon Buri, Thailand",Early
"Industry Manager, Gaming, Large Customer Sales (English, Vietnamese)",Google,"Ho Chi Minh, Vietnam",Mid
"Senior Software Engineer, ML, Google Photos Reminiscing",Google,"Bengaluru, Karnataka, India",Mid
"Content Producer, Events and Experiences",Google,"New York, NY, USA",Mid
"Product Manager, Living Room TV Voice Experiences, YouTube",YouTube,"San Bruno, CA, USA",Mid
"Senior Staff Software Engineer, AI/ML, Google Cloud",Google,"Seattle, WA, USA",Advanced
"Director, Strategic Sourcing",Google,"Sunnyvale, CA, USA",Director+
"Manager, Software Engineer, Site Reliability Engineering",Google,"Sunnyvale, CA, USA",Advanced
"Senior Software Engineer, Site Reliability Engineering, GenAI",Google,"Zürich, Switzerland",Mid
"Vendor Strategy and Governance Lead, Strategic Internal Partnership Enablement",Google,"San Jose, CA, USA",Mid
"NPI Engineer, Embedded Firmware and Software, Emerging Accelerator Software",Google,"Sunnyvale, CA, USA",Advanced
"Staff Software Engineer, Mobile (Android), YouTube",YouTube,"San Bruno, CA, USA",Advanced
"Creative Marketing Manager, Consumer AI Marketing (German, English)",Google,"Hamburg, Germany",Mid
"Senior UX Program Manager, Discover and Explore",Google,"Mountain View, CA, USA",Mid
"Senior AI/ML Software Engineer, YouTube Knowledge",YouTube,"Paris, France",Mid
"Software Engineer, PhD, Early Career, 2026",Google,"Bengaluru, Karnataka, India",Mid
"Product Manager, Google Cloud Business Platform",Google,"Hyderabad, Telangana, India",Mid
"Software Engineer III, AI/ML, Enterprise Engineering, Core",Google,"San Jose, CA, USA",Mid
"Senior Software Engineer, Core",Google,"Bengaluru, Karnataka, India",Mid
"Workforce and Strategy Operations Lead, Google Cloud LATAM",Google,"São Paulo, State of São Paulo, Brazil",Mid
"Research Engineer, Winslow, DeepMind",DeepMind,"Mountain View, CA, USA",
"Senior Field Sales Representative, FSI, Google Cloud, United Kingdom and Ireland",Google,"London, UK",Advanced
"Software Engineering Manager II, Android, Pixel Retention",Google,"Shanghai, China",Advanced
"Application Engineer, ServiceNow, Google Cloud Business Platforms",Google,"Sunnyvale, CA, USA",Mid
Data Center Electrical Engineer,Google,"Kansas City, MO, USA",Advanced
"Senior Outbound Product Manager, Generative AI",Google,Singapore,Advanced
"Account Manager, People with Disabilities (English, Portuguese)",Google,"São Paulo, State of São Paulo, Brazil",Early
Site Operations Manager,Google,"Wisconsin, USA",Mid
"Software Engineer III, Mobile, Android",Google,"Mountain View, CA, USA",Mid
"Software Engineer III, Infrastructure, Google Cloud AI",Google,"Sunnyvale, CA, USA",Mid
"Staff Software Engineer, Colossus SRE",Google,"New York, NY, USA",Advanced
Measurement Implementation Expert,Google,"Hyderabad, Telangana, India",Mid
"Staff Research Data Scientist Manager, Ecosystem Growth",Google,"San Jose, CA, USA",Advanced
"Staff Software Engineer, Enterprise Data Platform and Governance",Google,"San Jose, CA, USA",Advanced
"Senior Software Engineer, Embedded Systems/Firmware, XR",Google,"San Jose, CA, USA",Mid
"Compliance Manager, Global Governance and Risk, Public Sector",Google,"Reston, VA, USA",Advanced
Head of Google Workspace,Google,"São Paulo, Brazil",Advanced
"Global Account Executive, EMEA, Large Customer Sales",Google,"London, UK",Advanced
"Account Manager, Google Customer Solutions (English)",Google,"Sydney NSW, Australia",Mid
"Software Engineer III, AI/ML Recommendations, Rankings, Predictions, YouTube",YouTube,"San Bruno, CA, USA",Mid
"Security Engineer, Product, Cloud CISO",Google,"Málaga, Spain",Mid
"GBO Finance Lead, Central Europe",Google,"Hamburg, Germany",Advanced
"Technical Program Manager I, Data Center Infrastructure, YouTube",YouTube,"Mountain View, CA, USA",Early
"Facilities Manager, Data Center Operations",Google,"Fredericia, Denmark",Mid
"Data Center Technician, Colocation Operations",Google,"Kuala Lumpur, Federal Territory of Kuala Lumpur, Malaysia",Early
"Machine Learning Engineer, Search and Shopping Ads",Google,"Mountain View, CA, USA",Advanced
"Software Engineering Manager, Google Cloud Storage",Google,"New York, NY, USA",Advanced
"Senior Silicon Physical Design Engineer, Google Cloud",Google,"Bengaluru, Karnataka, India",Mid
"Software Engineer III, Mobile (Android), YouTube",YouTube,"San Bruno, CA, USA",Mid
"Product Manager, Payments Platform Billing",Google,"Mountain View, CA, USA",Mid
"Commercial Counsel, CEE (English, Polish)",Google,"Warsaw, Poland",Advanced
"Chuyên viên thương mại, Khối Khách hàng chiến lược, Đông Nam Á",Google,"Ho Chi Minh City, Ho Chi Minh, Vietnam",Mid
"Data Center Technician, Global Server Operations",Google,Singapore,Early
"Strategic Partnerships Manager, YouTube Shopping, Merchant (English, Japanese)",YouTube,"Tokyo, Japan",Mid
"Staff Software Engineer, Infrastructure, Platforms Infrastructure Engineering",Google,"Sunnyvale, CA, USA",Advanced
"Technical Program Manager III, Workspace Delivery, Cloud Networking",Google,"Austin, TX, USA",Mid
"Software Engineer Manager, Pixel Kernel and Codebase",Google,"Warsaw, Poland",Advanced
"Software Engineer III, AI/ML GenAI, Google Cloud Data Management",Google,"Mountain View, CA, USA",Mid
"Senior Technical Program Manager, Data Center Condition Based Maintenance",Google,"Sunnyvale, CA, USA",Advanced
"Staff Partner Forward Deployed Engineer, GenAI, Google Cloud",Google,Singapore,Advanced
"Account Manager, Customer Onboarding, GCS Kickstart+ (English, Hebrew)",Google,"Dublin, Ireland",Early
Data Center Electrical Engineer,Google,"Muhos, Finland",Mid
"Product Marketing Manager, Ads Measurement",Google,"New York, NY, USA",Mid
"Senior Principal On-Device and Voice LLM Architecture Software Engineer, XR",Google,"San Jose, CA, USA",Director+
"Mobile Software Engineer, Multiplatform, Early Careers",Google,"Mexico City, CDMX, Mexico",Early
"Senior Interaction Designer, Google Health",Google,"Mountain View, CA, USA",Mid
"Technical Solutions Consultant, Measurement Foundations",Google,"Dublin, Ireland",Mid
"Technical Account Manager, Google Public Sector, National Security",Google,"Reston, VA, USA",Mid
Data Center Operations Manager,Google,"Nong Yai, Nong Yai District, Chon Buri, Thailand",Advanced
"Product Deployment Engineer, gTech",Google,"Chicago, IL, USA",Mid
"Software Engineer, AI Storage",Google,"Sunnyvale, CA, USA",Mid
"Senior Manager, Root of Trust Security",Google,"Sunnyvale, CA, USA",Advanced
"Technical Account Manager, Google Cloud Consulting (Korean, English)",Google,"Seoul, South Korea",Early
"Marketing Manager, Google Store Retail, Platforms and Devices Marketing",Google,"Mountain View, CA, USA",Mid
"Technical Solutions Consultant, gTech Ads Sellside (English)",Google,"Tel Aviv, Israel",Mid
Cloud Marketing Strategic Financial Analyst,Google,"Sunnyvale, CA, USA",Mid
"Data Center Technician, Global Server Operations",Google,"Stillwater, OK, USA",Early
"AI Customer Engineer, Retail, Google Cloud",Google,Singapore,Advanced
"Software Engineer III, Agentic Systems and Production Safety",Google,"New York, NY, USA",Mid
"Growth Manager, AppDev EMEA LCS (English)",Google,"Dublin, Ireland",Mid
"Software Engineer III, AI/ML, Core",Google,"Sunnyvale, CA, USA",Mid
"Senior Security Engineer, Security Research",Google,"Munich, Germany",Mid
"Staff Software Engineer, Google Cloud, Netsoft",Google,"Sunnyvale, CA, USA",Advanced
"Pursuit Lead, Google Cloud Consulting (English, Japanese)",Google,"Tokyo, Japan",Advanced
"Practice Customer Engineer, Database Specialist (English, Japanese)",Google,"Tokyo, Japan",Mid
"Cloud AI Engineer, Google Cloud",Google,"Buenos Aires, Argentina",Mid
"Technical Program Manager II, Tooling and Automation, Cloud Networking",Google,"Addison, TX, USA",Mid
"Senior Product Manager, Google Cloud Compute",Google,"Bengaluru, Karnataka, India",Advanced
"Senior Strategist, Trust and Safety",Google,"Hyderabad, Telangana, India",Mid
"Staff Software Engineer, Front End, Google Workspace",Google,"Raleigh, NC, USA",Advanced
"Regional Lead, Automotive Business Development (Japanese, English)",Google,"Tokyo, Japan",Advanced
"Clinical Specialist, Mental Health",Google,"Mountain View, CA, USA",Mid
Agency and Partner Engineer,Google,"Bengaluru, Karnataka, India",Mid
"Program Manager III, Data Management, Google Data Centers",Google,"Atlanta, GA, USA",Mid
"Staff Research Data Scientist, Google Labs",Google,"New York, NY, USA",Advanced
"Associate Principal Analyst, Trust and Safety, Shopping",Google,"Sunnyvale, CA, USA",Mid
"Staff Software Engineer, Infrastructure, Core",Google,"San Jose, CA, USA",Advanced
"Strategic Partner Development Revenue Lead, Sellside Monetization",Google,"Mexico City, CDMX, Mexico",Mid
Senior Account Manager,Google,"New York, NY, USA",Mid
"Regulatory Counsel, Content and Consumer Protection",Google,"Austin, TX, USA",Advanced
"Field Sales Representative, Google Cloud (Japanese, English)",Google,"Tokyo, Japan",Advanced
"Principal Analytical Lead, US Retail, Midwest",Google,"Chicago, IL, USA",Advanced
"Data Center Facilities Technician, Mechanical/Water Chemistry",Google,"Moncks Corner, SC 29461, USA",Early
Senior Software Engineer,Google,"Mountain View, CA, USA",Mid
"Silicon Software Engineering Manager, Embedded Systems",Google,"Bengaluru, Karnataka, India",Advanced
"Developer Relations Engineer, Android, Play, Games",Google,"Taipei, Taiwan",Mid
"Software Engineer, Performance, Reliability, Observability, PhD, Early Careers",Google,"Warsaw, Poland",Mid
"Scaled Abuse Escalations Program Manager, Youtube Trust and Safety",YouTube,Singapore,Mid
"Account Executive, EMEA Apps, New Business (Multiple languages)",Google,"Dublin, Ireland",Early
"Staff Software Engineer, Android Growth Systems and App Foundations",Google,"London, UK",Advanced
"Principal Architect, SLED, State of New York, Google Public Sector",Google,"New York, USA",Advanced
"Account Strategist, Mid Market Sales, Google Customer Solutions",Google,"Bengaluru, Karnataka, India",Early
"Senior Software Engineer, Infrastructure, AI and Infrastructure",Google,"Sunnyvale, CA, USA",Mid
"Technical Program Manager, Pixel Enterprise",Google,"London, UK",Mid
"Data Center Facilities Technician, Mechanical",Google,"Saint-Ghislain, Belgium",Early
"Senior Software Engineer, Diagnostics, Tools, Google Cloud",Google,"Taipei, Taiwan",Mid
"Software Engineer III, Network Observability",Google,"Tel Aviv, Israel",Mid
"SoC Power Architect, Devices and Services, Silicon",Google,"Mountain View, CA, USA",Advanced
"Account Executive, New Business Sales, Central Europe DACH (English, German)",Google,"Hamburg, Germany",Early
"Senior Software Engineer, Google Cloud Storage, AI/ML",Google,"Tel Aviv, Israel",Mid
Government Affairs and Public Policy Manager,Google,"Kuala Lumpur, Federal Territory of Kuala Lumpur, Malaysia",Mid
"Operations Manager, Sensitive Verticals, Trust and Safety, Google Play",Google,"Kirkland, WA, USA",Mid
"Engineer Manager, AI Applications",Google,"Sunnyvale, CA, USA",Advanced
"Software Engineer III, Embedded Systems/Firmware, XR",Google,"Miami, FL, USA",Mid
"Account Strategist, Google Customer Solutions (English)",Google,"Auckland, New Zealand",Early
"Group Product Manager, Information and Infrastructure Protection",Google,Singapore,Advanced
"Technical Account Manager, Google Cloud Consulting (Spanish, English)",Google,"Mexico City, CDMX, Mexico",Early
"Data Center Operations Manager, Hardware Operations",Google,"Council Bluffs, IA, USA",Mid
"Software Engineer, Semantic Understanding, Search Ads Personalization",Google,"Mountain View, CA, USA",Mid
"Community Development Manager, Strategic Partnerships Office",Google,"Amarillo, TX, USA",Mid
"Cloud AI Engineer, Google Cloud (English)",Google,"Buenos Aires, Argentina",Early
"Staff Hardware System Engineer, Home and Health",Google,"New Taipei, Banqiao District, New Taipei City, Taiwan",Advanced
"Senior Staff Software Engineer, Infrastructure, Google Cloud AI",Google,"Sunnyvale, CA, USA",Advanced
"Practice Customer Engineer, Data Analytics, Google Cloud",Google,"Mountain View, CA, USA",Advanced
"Silicon Micro-architecture Design Lead, Google Cloud",Google,"Bengaluru, Karnataka, India",Advanced
"Customer Engineer, Google Cloud (Japanese)",Google,"Tokyo, Japan",Mid
Silicon Architect,Google,"Mountain View, CA, USA",Mid
"Technical Lead, YouTube Posts Discovery, Machine Learning and Recommendation",YouTube,"San Bruno, CA, USA",Advanced
"Product Manager, Search Ads Quality Modeling",Google,"Mountain View, CA, USA",Mid
"Senior Security Engineer, AI/ML, National Security, Public Sector",Google,"Washington D.C., DC, USA",Mid
"Senior Software Engineer, Core, Lavaflow",Google,"Bengaluru, Karnataka, India",Mid
"AI and Automation Solutions Architect, Finance Operations",Google,"Chicago, IL, USA",Mid
"Analytical Lead, Shopping Partners",Google,"Dublin, Ireland",Mid
"Senior Security Engineer, Trust and Safety Workspace",Google,Singapore,Mid
Data Center Operations Manager,Google,"Sungai Buloh, Selangor, Malaysia",Advanced
"Senior Software Engineer, Infrastructure, Google Cloud",Google,"Hyderabad, Telangana, India",Mid
"Strategic Security Consultant, Mandiant, Google Cloud (Japanese, English)",Google,"Tokyo, Japan",Mid
AI Threat Defense Engineer,Google,"New York, NY, USA",Advanced
"Principal Engineer, Google Compute Engine, Specialized Instances",Google,"Seattle, WA, USA",Director+
"Security Engineer, Enterprise SaaS Security",Google,Singapore,Mid
"Digital Strategy Lead, Accelerated Growth, Google Customer Solutions",Google,"New York, NY, USA",Early
"Campus Lead, Program Manager, Data Center Construction",Google,"Cedar Rapids, IA, USA",Mid
"Senior Product Manager Ordering, Entitlements and Obligations",Google,"Sunnyvale, CA, USA",Advanced
"Technical Program Manager III, Generative AI, Core",Google,"San Jose, CA, USA",Mid
"Outcome Customer Engineer, Google Cloud",Google,Singapore,Mid
"Senior Software Engineer, Infrastructure",Google,"Sunnyvale, CA, USA",Mid
"Head of Channel Sales and Activation, Devices and Services",Google,"London, UK",Advanced
"Staff Software Engineer, Data Protection",Google,"New York, NY, USA",Advanced
"Software Engineer III, Infrastructure, RankEmbed",Google,"Zürich, Switzerland",Mid
"Senior Account Manager, Education, Large Customer Sales",Google,"San Francisco, CA, USA",Mid
Optical Transport Network Implementation Engineer,Google,"São Paulo, State of São Paulo, Brazil",Mid
"ASIC Power Manager, ML Accelerators",Google,"Sunnyvale, CA, USA",Advanced
"Staff Engineer, PCBA DFM, Hardware",Google,"Mountain View, CA, USA",Advanced
"Cloud Enterprise Architect, Professional Services, Google Cloud",Google,"London, UK",Advanced
"Lead Technical Program Manager, Fiber Infrastructure Engineering and Delivery",Google,"New York, NY, USA",Advanced
"Software Engineer, AI Infrastructure, XR",Google,"New Taipei, Banqiao District, New Taipei City, Taiwan",Mid
"Account Strategist, Mid-Market Sales, Google Customer Solutions",Google,Singapore,Mid
"Senior Software Engineer, Infrastructure, Google Cloud AI",Google,"Sunnyvale, CA, USA",Mid
"Customer Engineer II, Platform, Cloud",Google,"San Francisco, CA, USA",Mid
"Account Executive, Telco, Media, Food, Consumer Packaged Goods, Large Costumer Sales",Google,"Buenos Aires, Argentina",Mid
Data Center Facilities Electrical Technician,Google,Singapore,Early
"Pursuit Lead II, Google Cloud",Google,"Chicago, IL, USA",Mid
"Senior UX Design Manager, Cloud",Google,"London, UK",Advanced
"Senior Manager, Business Data Scientist, Search+, GBO Product Finance",Google,"Mountain View, CA, USA",Advanced
"Senior Model UX Designer, GeminiApp, DeepMind",DeepMind,"Mountain View, CA, USA",
"Executive Business Partner, Global Partnerships (Fixed-Term Contract)",Google,"Mountain View, CA, USA",Mid
Applied AI Engineer,Google,"London, UK",Mid
"Operational Technology Security Technical Program Manager, Third-Party Data Centers",Google,"Moncks Corner, SC, USA",Advanced
"Product Manager II, YouTube Search",YouTube,"San Bruno, CA, USA",Mid
Mechanical Technician (Technicien de maintenance),Google,"Saint-Ghislain, Belgium",Early
"Senior Forward Deployed Engineer, Generative AI, Google Cloud",Google,"Munich, Germany",Mid
"Technical Founder Advocate, Startups, Google Cloud",Google,"San Francisco, CA, USA",Advanced
"Data Center Technician, Global Server Operations",Google,"Reno, NV, USA",Early
"Software Engineer, Terraform",Google,"Seattle, WA, USA",Mid
"Data Scientist, Product Intern, MS, Summer 2027",Google,"Mountain View, CA, USA",Intern & Apprentice
"Staff Software Engineer, Egregious Abuse Protection, Core",Google,"San Jose, CA, USA",Advanced
"Staff RTL IP/Component Design Engineer, Google Cloud",Google,"Tel Aviv, Israel",Advanced
Data Center Services Campus Lead,Google,"Appling, GA, USA",Mid
"Data Science PhD Intern, 2027",Google,"Zürich, Switzerland",Intern & Apprentice
"Security Sales Specialist, Google Cloud (English, Japanese)",Google,"Tokyo, Japan",Advanced
"Software Engineer III, AI/ML, DSP/HTP Optimisation",Google,"Zürich, Switzerland",Mid
"Delivery Executive, Google Cloud",Google,"Chicago, IL, USA",Advanced
"Staff Engineer, BigQuery Managed Storage, High Throughput Streaming",Google,"Seattle, WA, USA",Advanced
"UX Engineer, Search Design System",Google,"Mountain View, CA, USA",Advanced
"Technical Program Manager II, Software Engineering, Global Affairs",Google,"Austin, TX, USA",Mid
"Customer Engineer, Google Cloud (English, Korean)",Google,"Seoul, South Korea",Early
"Security and Compliance Specialist, Google Cloud Customer Engineering (Japanese, English)",Google,"Tokyo, Japan",Advanced
"Senior Data Engineer, Cloud Supply Chain, Data Engineering",Google,"Bengaluru, Karnataka, India",Mid
"Administrative Business Partner, APAC Comms",Google,Singapore,Mid
"Senior Software Engineer, Embedded Systems/Firmware",Google,"Warsaw, Poland",Mid
"Solutions Consultant III, Google Ads Billing",Google,"São Paulo, State of São Paulo, Brazil",Mid
"Staff Security Engineer, Product Security Engineering, Cloud CISO",Google,"New York, NY, USA",Advanced
"Facilities Manager, Data Center Operations",Google,"Pryor, OK, USA",Mid
"Product Manager, Core Maps Platform",Google,"Mountain View, CA, USA",Mid
"Product Deployment Engineer, gTech Ads, Large Customer Sales",Google,Singapore,Early
"Cloud AI Engineer, Technical Onboarding Center",Google,"Bengaluru, Karnataka, India",Mid
"Industrial Design CAD Sculptor, Devices and Services",Google,"Mountain View, CA, USA",Mid
"Software Engineering Manager, Cloud Security, Identity and Access Management",Google,"Kirkland, WA, USA",Advanced
"Director, Operational Technology Security",Google,"New York, NY, USA",Director+
"Account Manager, Technology and Consumer Goods, Large Customer Sales (Urdu, English)",Google,"Karachi, Pakistan",Early
"Corporate Assets Operational Accountant, Fixed Assets",Google,"Chicago, IL, USA",Mid
"Staff Software Engineer, Health Site Reliability Engineering",Google,"San Francisco, CA, USA",Advanced
"Technical Success Account Manager, Google Cloud Consulting",Google,"San Francisco, CA, USA",Advanced
"Staff Software Engineer, Site Reliability Engineering",Google,"San Jose, CA, USA",Advanced
"Customer Engineer, Platform, SLED, Central South, Google Public Sector",Google,"Alabama, USA",Mid
"Customer Specialist II, Business Intelligence, NorthAm, Google Cloud",Google,"New York, NY, USA",Mid
"Quality Control Manager, gTech",Google,"Hyderabad, Telangana, India",Mid
"Software Engineer III, Google Cloud Compute Infrastructure",Google,"Kirkland, WA, USA",Mid
"Senior Software Engineer, Full Stack, Core",Google,"Bengaluru, Karnataka, India",Mid
"Senior Software Engineer, AI Innovation and Research, Engagements",Google,"Bengaluru, Karnataka, India",Mid
"Technical Program Manager III, GTM Compliance, Core",Google,"New York, NY, USA",Mid
"Communications Manager, Policy and Legal",Google,"Seattle, WA, USA",Advanced
"Software Engineering Manager, Site Reliability Engineering, Turnup Org",Google,"Dublin, Ireland",Advanced
"Product Strategy and Operations Principal, Cloud AI",Google,"Sunnyvale, CA, USA",Advanced
"Staff Software Engineer, Gen AI, Blackbelt Team",Google,"Sunnyvale, CA, USA",Advanced
"Data Center Controls Engineer, Midwest, Global Data",Google,"Fort Wayne, IN, USA",Mid
"Digital Marketing Apprenticeship, February 2027 Start",Google,"New York, NY, USA",Intern & Apprentice
"AI Customer Engineer, ITES Google Cloud",Google,"Bengaluru, Karnataka, India",Mid
"Staff Software Engineer, Storage, Google Pixel",Google,"Mountain View, CA, USA",Advanced
"Research Data Scientist, Cloud Demand Forecasting and Capacity Planning",Google,"Atlanta, GA, USA",Mid
"Software Engineer, IO Experience",Google,"Sunnyvale, CA, USA",Mid
"Technical Program Manager III, Cost and Pricing Analytics, Cloud Networking",Google,"Sunnyvale, CA, USA",Mid
"Logistics Operations Manager, Google Cloud",Google,"Reston, VA, USA",Early
"Database Customer Engineer, Google Cloud (Mandarin, English)",Google,"Beijing, China",Advanced
"Data Center Facilities Technician, Mechanical",Google,Singapore,Early
"Staff Software Engineer, Chrome Enterprise",Google,"Warsaw, Poland",Advanced
"Software Engineering Manager, Views in Maps, Geo",Google,"Mountain View, CA, USA",Advanced
"Staff Software Engineer, Embedded Systems/Firmware, Servers",Google,"Sunnyvale, CA, USA",Advanced
"Staff Software Engineer, Vertex Core Infra, Cloud AI",Google,"Sunnyvale, CA, USA",Advanced
Financial Accountant,Google,"Seoul, South Korea",Mid
"Manager, Security Consulting",Google,"New York, NY, USA",Advanced
"Staff Software Engineer, Pixel System Security",Google,"Mountain View, CA, USA",Advanced
"Security Sales Specialist, Cloud",Google,"Amsterdam, Netherlands",Mid
"Data Center Technician, Night Shift",Google,"Haskell, TX, USA",Early
"Software Engineer, GeminiApp Android and Chrome Integration, DeepMind",DeepMind,"Mountain View, CA, USA",
"Offensive Security Consultant, Red Team, Mandiant Consulting",Google,Singapore,Mid
"Security Analyst, gTech Risk Solutions",Google,"Hyderabad, Telangana, India",Mid
"Principal Incident Response Security Consultant, Mandiant",Google,"Georgia, USA",Advanced
"Data Center Operations Technician, Night Shift",Google,"Haskell, TX, USA",Early
"Data Center Facilities Technician, Controls",Google,"Reno, NV, USA",Early
"Senior Software Engineer, Agent Platform Workbench",Google,"Warsaw, Poland",Mid
"Global Commodity Manager, SSD/NAND",Google,"Sunnyvale, CA, USA",Advanced
